phyloseqID	sampleID	cruise	year	month	day	depth	Longitude	Latitude	ctd_o2	po4	si	no3	nh4	no2	h2s	flow	mean_n2	std_n2	mean_o2	std_o2	mean_co2	std_co2	mean_ch4	std_ch4	mean_n2o	std_n2o	Pressure	Temperature	Conductivity	Fluorescence_Wetstar	Beam_Transmission_Cstar	PAR_Irradiance_Licor	Oxygen_SBE43	Oxygen_uM	Salinity	Density_sig_theta	Depth
SI017_100m_plate8_01-9-08_8715	SI017_100m	17	2008	1	9	100	123 30.300 W	48 35.500 N	NAN	2.6	69.3	22.5	0.0	0.4	0.0	465520.0	NAN	NAN	NAN	NAN	NAN	NAN	15.6	0.3	14.9	0.6	NAN	NAN	NAN	NAN	NAN	NAN	NAN	NAN	NAN	NAN	NAN
SI017_10m_plate8_01-9-08_8715	SI017_10m	17	2008	1	9	10	123 30.300 W	48 35.500 N	NAN	1.4	15.0	29.3	0.1	0.3	0.0	491431.1	NAN	NAN	NAN	NAN	NAN	NAN	19.1	1.2	11.6	0.9	NAN	NAN	NAN	NAN	NAN	NAN	NAN	NAN	NAN	NAN	NAN
SI017_110m_plate8_01-9-08_8715	SI017_110m	17	2008	1	9	110	123 30.300 W	48 35.500 N	NAN	3.0	77.5	17.6	0.1	0.4	0.0	560511.1	NAN	NAN	NAN	NAN	NAN	NAN	13.2	0.0	14.1	0.0	NAN	NAN	NAN	NAN	NAN	NAN	NAN	NAN	NAN	NAN	NAN
SI017_120m_plate8_01-9-08_8715	SI017_120m	17	2008	1	9	120	123 30.300 W	48 35.500 N	NAN	3.4	82.2	16.1	0.0	0.3	0.0	590382.2	NAN	NAN	NAN	NAN	NAN	NAN	7.6	0.9	11.9	1.2	NAN	NAN	NAN	NAN	NAN	NAN	NAN	NAN	NAN	NAN	NAN
SI017_135m_plate8_01-9-08_8715	SI017_135m	17	2008	1	9	135	123 30.300 W	48 35.500 N	NAN	3.4	84.3	12.5	0.1	0.7	0.0	553422.2	NAN	NAN	NAN	NAN	NAN	NAN	1.5	0.4	11.1	0.2	NAN	NAN	NAN	NAN	NAN	NAN	NAN	NAN	NAN	NAN	NAN
SI017_150m_plate8_01-9-08_8715	SI017_150m	17	2008	1	9	150	123 30.300 W	48 35.500 N	NAN	3.6	85.9	8.4	0.1	0.4	0.0	555206.7	NAN	NAN	NAN	NAN	NAN	NAN	13.9	0.5	4.9	1.1	NAN	NAN	NAN	NAN	NAN	NAN	NAN	NAN	NAN	NAN	NAN
SI017_165m_plate8_01-9-08_8715	SI017_165m	17	2008	1	9	165	123 30.300 W	48 35.500 N	NAN	3.4	87.6	8.4	0.1	0.1	0.0	502871.1	NAN	NAN	NAN	NAN	NAN	NAN	3.2	0.7	11.8	0.1	NAN	NAN	NAN	NAN	NAN	NAN	NAN	NAN	NAN	NAN	NAN
SI017_185m_plate8_01-9-08_8715	SI017_185m	17	2008	1	9	185	123 30.300 W	48 35.500 N	NAN	3.9	77.6	18.3	0.0	0.4	0.0	439902.2	NAN	NAN	NAN	NAN	NAN	NAN	4.2	0.4	16.5	1.3	NAN	NAN	NAN	NAN	NAN	NAN	NAN	NAN	NAN	NAN	NAN
SI017_200m_plate8_01-9-08_8715	SI017_200m	17	2008	1	9	200	123 30.300 W	48 35.500 N	NAN	4.1	73.3	18.2	0.1	0.7	0.0	602360.0	NAN	NAN	NAN	NAN	NAN	NAN	7.3	0.9	15.1	0.5	NAN	NAN	NAN	NAN	NAN	NAN	NAN	NAN	NAN	NAN	NAN
SI017_20m_plate8_01-9-08_8715	SI017_20m	17	2008	1	9	20	123 30.300 W	48 35.500 N	NAN	2.1	18.2	27.8	0.1	0.3	0.0	523697.8	NAN	NAN	NAN	NAN	NAN	NAN	15.7	0.1	12.3	0.3	NAN	NAN	NAN	NAN	NAN	NAN	NAN	NAN	NAN	NAN	NAN
SI017_40m_plate8_01-9-08_8715	SI017_40m	17	2008	1	9	40	123 30.300 W	48 35.500 N	NAN	1.8	14.8	27.4	0.1	0.3	0.0	460680.0	NAN	NAN	NAN	NAN	NAN	NAN	18.1	0.4	13.1	1.0	NAN	NAN	NAN	NAN	NAN	NAN	NAN	NAN	NAN	NAN	NAN
SI017_60m_plate8_01-9-08_8715	SI017_60m	17	2008	1	9	60	123 30.300 W	48 35.500 N	NAN	1.7	18.4	25.3	0.1	0.4	0.0	329266.7	NAN	NAN	NAN	NAN	NAN	NAN	15.5	0.1	13.4	0.4	NAN	NAN	NAN	NAN	NAN	NAN	NAN	NAN	NAN	NAN	NAN
SI017_75m_plate8_01-9-08_8715	SI017_75m	17	2008	1	9	75	123 30.300 W	48 35.500 N	NAN	1.8	17.6	25.2	0.1	0.1	0.0	493093.3	NAN	NAN	NAN	NAN	NAN	NAN	30.3	2.1	12.8	0.6	NAN	NAN	NAN	NAN	NAN	NAN	NAN	NAN	NAN	NAN	NAN
SI019_100m_plate8_03-19-08_8715	SI019_100m	19	2008	3	19	100	123 30.300 W	48 35.500 N	86.5	2.7	58.8	25.8	0.5	0.1	0.0	469583.3	NAN	NAN	NAN	NAN	NAN	NAN	11.5	0.3	13.0	1.5	100	8.4202	32.591719	0.0353	88.1071	1.80E+00	1.98232	86.46740273	30.7237	23.8588	100m
SI019_10m_plate8_03-19-08_8715	SI019_10m	19	2008	3	19	10	123 30.300 W	48 35.500 N	229.9	2.1	42.8	27.6	0.2	0.6	0.0	601375.0	NAN	NAN	NAN	NAN	NAN	NAN	25.9	1.3	11.2	0.3	10	7.509	30.744863	1.7604	87.4122	1.13E+02	5.26753	229.9356407	29.6008	23.1032	10m
SI019_110m_plate8_03-19-08_8715	SI019_110m	19	2008	3	19	110	123 30.300 W	48 35.500 N	39.1	2.9	67.4	24.0	0.2	0.4	0.0	410291.7	NAN	NAN	NAN	NAN	NAN	NAN	6.0	0.2	13.2	0.3	110	8.9876	33.317996	-0.0054	89.3338	1.81E+00	0.89601	39.07890166	30.979	23.9747	110m
SI019_120m_plate8_03-19-08_8715	SI019_120m	19	2008	3	19	120	123 30.300 W	48 35.500 N	12.5	3.5	79.5	19.3	0.2	0.3	0.0	522541.7	NAN	NAN	NAN	NAN	NAN	NAN	4.8	0.9	10.7	0.1	120	9.3275	33.796738	-0.0115	90.242	1.82E+00	0.2867	12.50304251	31.1705	24.0725	120m
SI019_135m_plate8_03-19-08_8715	SI019_135m	19	2008	3	19	135	123 30.300 W	48 35.500 N	4.4	3.8	84.4	14.9	0.3	1.3	0.0	516166.7	NAN	NAN	NAN	NAN	NAN	NAN	17.5	0.3	6.5	0.1	135	9.4597	34.016014	0.0119	91.5995	1.85E+00	0.09983	4.353352268	31.273	24.1321	135m
SI019_150m_plate8_03-19-08_8715	SI019_150m	19	2008	3	19	150	123 30.300 W	48 35.500 N	3.9	3.8	83.2	8.7	1.8	0.9	0.0	787000.0	NAN	NAN	NAN	NAN	NAN	NAN	335.1	13.7	18.6	0.6	150	9.4741	34.071764	-0.0061	92.2138	1.86E+00	0.08859	3.863098109	31.3109	24.1597	150m
SI019_165m_plate8_03-19-08_8715	SI019_165m	19	2008	3	19	165	123 30.300 W	48 35.500 N	3.6	3.7	79.5	6.3	0.0	1.1	0.0	1000791.7	NAN	NAN	NAN	NAN	NAN	NAN	457.8	4.4	2.5	0.3	165	9.4566	34.079177	0.001	92.0984	1.88E+00	0.08284	3.612304765	31.3274	24.1756	165m
SI019_185m_plate8_03-19-08_8715	SI019_185m	19	2008	3	19	185	123 30.300 W	48 35.500 N	3.4	4.0	79.4	8.0	0.6	1.3	0.0	1037500.0	NAN	NAN	NAN	NAN	NAN	NAN	305.5	9.4	9.7	0.2	185	9.4463	34.089495	-0.0131	91.9385	1.90E+00	0.07829	3.413863026	31.3384	24.1862	185m
SI019_200m_plate8_03-19-08_8715	SI019_200m	19	2008	3	19	200	123 30.300 W	48 35.500 N	3.3	4.1	82.5	7.5	0.9	1.5	0.0	1201791.7	NAN	NAN	NAN	NAN	NAN	NAN	88.7	1.6	4.2	1.1	200	9.4352	34.094192	0.1007	91.7978	1.91E+00	0.07676	3.347119385	31.3466	24.1946	200m
SI019_20m_plate8_03-19-08_8715	SI019_20m	19	2008	3	19	20	123 30.300 W	48 35.500 N	210.7	2.1	35.6	28.4	0.3	0.4	0.0	355833.3	NAN	NAN	NAN	NAN	NAN	NAN	19.5	0.1	11.4	0.6	20	7.4703	30.855173	0.4434	91.1516	2.26E+01	4.82688	210.6758718	29.7471	23.2233	20m
SI019_40m_plate8_03-19-08_8715	SI019_40m	19	2008	3	19	40	123 30.300 W	48 35.500 N	192.9	2.0	32.9	22.2	0.5	0.2	0.0	288937.5	NAN	NAN	NAN	NAN	NAN	NAN	8.8	1.4	11.8	0.9	40	7.7491	31.377926	0.0504	90.6605	2.37E+00	4.42115	192.9287591	30.0543	23.4273	40m
SI019_60m_plate8_03-19-08_8715	SI019_60m	19	2008	3	19	60	123 30.300 W	48 35.500 N	202.2	1.8	34.8	21.7	0.1	0.4	0.0	333875.0	NAN	NAN	NAN	NAN	NAN	NAN	40.5	2.0	12.5	1.0	60	7.5158	31.310641	0.1718	88.1911	1.81E+00	4.63343	202.16706	30.1758	23.5544	60m
SI019_75m_plate8_03-19-08_8715	SI019_75m	19	2008	3	19	75	123 30.300 W	48 35.500 N	195.9	2.0	38.6	28.7	0.0	0.4	0.0	482958.3	NAN	NAN	NAN	NAN	NAN	NAN	39.2	1.3	12.3	0.2	75	7.5238	31.39687	0.2129	85.826	1.79E+00	4.48943	195.8723975	30.2543	23.6151	75m
SI019_85m_plate8_03-19-08_8715	SI019_85m	19	2008	3	19	85	123 30.300 W	48 35.500 N	159.5	2.4	50.2	28.4	0.2	0.3	0.0	355687.5	NAN	NAN	NAN	NAN	NAN	NAN	8.6	0.5	13.1	0.3	85	7.8578	31.790651	0.0589	87.6832	1.78E+00	3.65615	159.5086008	30.3776	23.6668	85m
SI019_90m_plate8_03-19-08_8715	SI019_90m	19	2008	3	19	90	123 30.300 W	48 35.500 N	145.1	2.5	54.7	23.1	0.2	0.3	0.0	405875.0	NAN	NAN	NAN	NAN	NAN	NAN	8.2	2.0	13.2	0.5	90	7.9455	31.936576	0.0597	87.9458	1.79E+00	3.32504	145.0564043	30.4534	23.7141	90m
SI019_97m_plate8_03-19-08_8715	SI019_97m	19	2008	3	19	97	123 30.300 W	48 35.500 N	102.5	2.6	56.3	21.8	0.2	0.2	0.0	466833.3	NAN	NAN	NAN	NAN	NAN	NAN	10.2	1.1	13.1	1.0	97	8.3092	32.424696	0.033	87.7614	1.80E+00	2.35025	102.5206761	30.6469	23.8146	97m
SI020_100m_plate7_04-09-08_8140	SI020_100m	20	2008	4	9	100	123 30.300 W	48 35.500 N	120.9	2.0	58.4	20.5	0.0	0.4	0.0	84600.0	NAN	NAN	NAN	NAN	NAN	NAN	22.4	NAN	12.1	NAN	100	8.0824	32.179911	0.2628	87.9628	1.98E+00	2.77163	120.9035753	30.5863	23.7993	100m
SI020_10m_plate7_04-09-08_8140	SI020_10m	20	2008	4	9	10	123 30.300 W	48 35.500 N	263.1	1.1	22.1	19.2	0.3	0.3	0.0	496152.0	NAN	NAN	NAN	NAN	NAN	NAN	28.8	NAN	11.9	NAN	10	7.6475	30.907303	6.2216	86.6842	1.72E+02	6.0265	263.0595282	29.6554	23.1277	10m
SI020_110m_plate7_04-09-08_8140	SI020_110m	20	2008	4	9	110	123 30.300 W	48 35.500 N	48.4	1.8	58.2	11.9	0.0	0.2	0.0	197100.0	NAN	NAN	NAN	NAN	NAN	NAN	15.7	NAN	14.4	NAN	110	8.787	33.064869	0.1745	89.5741	1.99E+00	1.10861	48.35310402	30.892	23.9368	110m
SI020_120m_plate7_04-09-08_8140	SI020_120m	20	2008	4	9	120	123 30.300 W	48 35.500 N	18.1	2.3	67.9	13.2	0.0	0.1	0.0	113616.0	NAN	NAN	NAN	NAN	NAN	NAN	7.1	NAN	9.1	NAN	120	9.2339	33.669025	0.1548	90.4118	1.99E+00	0.41571	18.12961847	31.1213	24.0485	120m
SI020_135m_plate7_04-09-08_8140	SI020_135m	20	2008	4	9	135	123 30.300 W	48 35.500 N	4.8	2.9	80.2	11.9	0.0	0.1	0.0	84168.0	NAN	NAN	NAN	NAN	NAN	NAN	1.7	NAN	8.0	NAN	135	9.4658	34.034534	0.1215	93.1477	2.01E+00	0.1105	4.818600785	31.2865	24.1417	135m
SI020_150m_plate7_04-09-08_8140	SI020_150m	20	2008	4	9	150	123 30.300 W	48 35.500 N	4.3	2.9	70.6	8.8	0.4	1.2	0.0	58212.0	NAN	NAN	NAN	NAN	NAN	NAN	89.3	NAN	11.1	NAN	150	9.4713	34.067638	0.0152	93.2707	2.04E+00	0.09836	4.289137192	31.3092	24.1588	150m
SI020_165m_plate7_04-09-08_8140	SI020_165m	20	2008	4	9	165	123 30.300 W	48 35.500 N	4.0	2.7	61.3	6.0	0.4	0.5	0.0	283608.0	NAN	NAN	NAN	NAN	NAN	NAN	374.1	NAN	7.0	NAN	165	9.4566	34.081651	0.1315	93.2997	2.05E+00	0.09179	4.00256889	31.3299	24.1776	165m
SI020_185m_plate7_04-09-08_8140	SI020_185m	20	2008	4	9	185	123 30.300 W	48 35.500 N	3.8	3.0	70.9	0.6	1.3	0.2	0.0	481428.0	NAN	NAN	NAN	NAN	NAN	NAN	800.1	NAN	NAN	NAN	185	9.4433	34.090363	0.0416	88.6225	2.07E+00	0.08606	3.752664888	31.342	24.1894	185m
SI020_200m_plate7_04-09-08_8140	SI020_200m	20	2008	4	9	200	123 30.300 W	48 35.500 N	3.6	3.6	80.2	0.1	2.9	0.1	2.1	372996.0	NAN	NAN	NAN	NAN	NAN	NAN	708.3	NAN	1.3	NAN	200	9.4376	34.098087	0.1644	91.2792	2.08E+00	0.08323	3.629240157	31.3485	24.1956	200m
SI020_20m_plate7_04-09-08_8140	SI020_20m	20	2008	4	9	20	123 30.300 W	48 35.500 N	243.0	1.2	31.8	17.4	1.5	0.3	0.0	305064.0	NAN	NAN	NAN	NAN	NAN	NAN	25.8	NAN	12.8	NAN	20	7.5947	30.937	3.1472	89.7216	2.15E+01	5.56732	243.0009546	29.7277	23.1915	20m
SI020_40m_plate7_04-09-08_8140	SI020_40m	20	2008	4	9	40	123 30.300 W	48 35.500 N	223.2	1.3	41.3	17.4	0.9	0.4	0.0	233766.0	NAN	NAN	NAN	NAN	NAN	NAN	30.2	NAN	10.6	NAN	40	7.5564	31.037254	1.9752	88.8918	2.28E+00	5.1131	223.1517224	29.8584	23.2995	40m
SI020_60m_plate7_04-09-08_8140	SI020_60m	20	2008	4	9	60	123 30.300 W	48 35.500 N	194.3	1.3	41.5	17.6	0.5	0.1	0.0	149220.0	NAN	NAN	NAN	NAN	NAN	NAN	2.2	NAN	NAN	NAN	60	7.5943	31.369414	1.2927	90.0076	1.93E+00	4.4521	194.2580297	30.1704	23.5396	60m
SI020_75m_plate7_04-09-08_8140	SI020_75m	20	2008	4	9	75	123 30.300 W	48 35.500 N	178.6	1.3	40.5	18.4	0.0	0.3	0.0	130932.0	NAN	NAN	NAN	NAN	NAN	NAN	21.2	NAN	12.0	NAN	75	7.7096	31.64774	0.4152	89.3389	1.93E+00	4.09392	178.6063896	30.3594	23.6726	75m
SI020_85m_plate7_04-09-08_8140	SI020_85m	20	2008	4	9	85	123 30.300 W	48 35.500 N	177.9	1.6	47.2	24.5	0.0	0.0	0.0	207954.0	NAN	NAN	NAN	NAN	NAN	NAN	17.2	NAN	12.1	NAN	85	7.7249	31.709889	0.2813	87.8497	1.94E+00	4.07758	177.8872822	30.4077	23.7085	85m
SI020_90m_plate7_04-09-08_8140	SI020_90m	20	2008	4	9	90	123 30.300 W	48 35.500 N	155.5	1.7	54.2	26.1	0.0	0.0	0.0	77652.0	NAN	NAN	NAN	NAN	NAN	NAN	18.2	NAN	12.0	NAN	90	7.8474	31.878499	0.3909	87.8529	1.97E+00	3.56502	155.5207204	30.4774	23.7465	90m
SI020_97m_plate7_04-09-08_8140	SI020_97m	20	2008	4	9	97	123 30.300 W	48 35.500 N	130.8	1.7	53.5	25.4	0.0	0.0	0.0	115272.0	NAN	NAN	NAN	NAN	NAN	NAN	18.2	NAN	11.9	NAN	97	8.0287	32.106062	0.1807	88.6458	1.97E+00	2.99847	130.8007701	30.5566	23.7835	97m
SI022_10m_plate8_06-11-08_8715	SI022_10m	22	2008	6	11	10	123 30.300 W	48 35.500 N	275.4	0.5	4.8	2.2	0.9	NAN	0.0	796152.0	NAN	NAN	NAN	NAN	NAN	NAN	49.6	0.1	10.9	0.3	10	9.7743	32.638752	7.0149	79.7571	1.18E+01	6.3074	275.402666	29.6631	22.8241	10m
SI022_120m_plate8_06-11-08_8715	SI022_120m	22	2008	6	11	120	123 30.300 W	48 35.500 N	51.3	4.2	78.8	12.6	NAN	NAN	0.0	1278998.0	NAN	NAN	NAN	NAN	NAN	NAN	7.9	2.2	17.8	0.9	120	8.7585	33.209438	0.0454	90.6697	2.29E+00	1.17648	51.30641537	31.0624	24.0746	120m
SI022_135m_plate8_06-11-08_8715	SI022_135m	22	2008	6	11	135	123 30.300 W	48 35.500 N	27.3	4.5	74.5	17.4	NAN	NAN	0.0	482552.0	NAN	NAN	NAN	NAN	NAN	NAN	5.1	0.8	18.7	1.1	135	9.0336	33.5506	0.0331	89.7659	2.28E+00	0.62716	27.34940996	31.1679	24.1159	135m
SI022_150m_plate8_06-11-08_8715	SI022_150m	22	2008	6	11	150	123 30.300 W	48 35.500 N	8.3	3.9	57.4	8.1	NAN	NAN	0.0	621026.0	NAN	NAN	NAN	NAN	NAN	NAN	7.6	4.3	19.2	0.4	150	9.2504	33.820298	0.1614	88.304	2.29E+00	0.19068	8.314991685	31.2491	24.1464	150m
SI022_165m_plate8_06-11-08_8715	SI022_165m	22	2008	6	11	165	123 30.300 W	48 35.500 N	3.2	4.3	73.1	0.8	0.2	NAN	0.0	1293567.3	NAN	NAN	NAN	NAN	NAN	NAN	129.7	15.1	2.0	0.3	165	9.3723	33.983813	0.1822	90.4707	2.30E+00	0.07445	3.246468873	31.3037	24.1703	165m
SI022_185m_plate8_06-11-08_8715	SI022_185m	22	2008	6	11	185	123 30.300 W	48 35.500 N	3.1	4.9	87.9	0.0	7.6	NAN	3.9	1525402.7	NAN	NAN	NAN	NAN	NAN	NAN	921.2	8.6	0.9	1.3	185	9.4227	34.062134	0.2277	90.2228	2.31E+00	0.07029	3.065026194	31.3312	24.1842	185m
SI022_40m_plate8_06-11-08_8715	SI022_40m	22	2008	6	11	40	123 30.300 W	48 35.500 N	181.0	1.9	28.8	18.3	10.7	NAN	0.0	541874.7	NAN	NAN	NAN	NAN	NAN	NAN	50.4	4.1	11.3	0.7	40	8.283	31.842986	0.2561	92.8455	2.37E+00	4.14645	180.9502739	30.0854	23.3776	40m
SI022_75m_plate8_06-11-08_8715	SI022_75m	22	2008	6	11	75	123 30.300 W	48 35.500 N	138.6	1.8	30.1	19.7	3.8	NAN	0.0	567714.0	NAN	NAN	NAN	NAN	NAN	NAN	62.4	2.2	13.9	0.5	75	8.4088	32.454724	0.1482	90.1452	2.31E+00	3.17798	138.6340457	30.6013	23.7643	75m
SI022_85m_plate8_06-11-08_8715	SI022_85m	22	2008	6	11	85	123 30.300 W	48 35.500 N	92.6	2.1	29.1	20.8	0.8	NAN	0.0	236931.3	NAN	NAN	NAN	NAN	NAN	NAN	14.9	2.0	12.7	1.4	85	8.3253	32.531891	0.1924	91.9464	2.31E+00	2.12348	92.62159966	30.7503	23.8931	85m
SI022_90m_plate8_06-11-08_8715	SI022_90m	22	2008	6	11	90	123 30.300 W	48 35.500 N	75.1	2.9	38.7	26.4	0.3	NAN	0.0	383474.0	NAN	NAN	NAN	NAN	NAN	NAN	11.9	0.0	13.8	0.4	90	8.4352	32.702083	0.1301	91.9398	2.32E+00	1.7223	75.11956317	30.8302	23.9399	90m
SI022_97m_plate8_06-11-08_8715	SI022_97m	22	2008	6	11	97	123 30.300 W	48 35.500 N	72.8	3.1	50.1	26.0	0.2	NAN	0.0	413233.3	NAN	NAN	NAN	NAN	NAN	NAN	13.0	3.1	9.7	7.5	97	8.486	32.790327	0.0735	91.7732	2.31E+00	1.67	72.83648428	30.8749	23.9676	97m
SI023_100m_plate8_07-16-08_8715	SI023_100m	23	2008	7	16	100	123 30.300 W	48 35.500 N	42.8	2.7	56.1	24.4	NAN	NAN	0.0	717727.5	NAN	NAN	NAN	NAN	NAN	NAN	9.3	0.0	16.3	0.2	100	8.6359	32.9992	0.0802	88.8876	3.01E+00	0.982431064	42.84652764	30.96	24.0123	100m
SI023_10m_plate8_07-16-08_8715	SI023_10m	23	2008	7	16	10	123 30.300 W	48 35.500 N	265.7	0.7	36.1	7.0	2.1	NAN	0.0	4079430.0	NAN	NAN	NAN	NAN	NAN	NAN	26.9	4.0	9.6	0.5	10	13.3599	32.515485	1.9751	89.1631	1.64E+02	6.06784404	265.6771685	26.8176	19.997	10m
SI023_110m_plate8_07-16-08_8715	SI023_110m	23	2008	7	16	110	123 30.300 W	48 35.500 N	44.0	3.1	61.7	24.4	0.1	NAN	0.0	871200.0	NAN	NAN	NAN	NAN	NAN	NAN	6.5	3.3	18.2	0.1	110	8.6896	33.103797	0.0683	88.3171	2.94E+00	1.007948892	43.9578336	31.0175	24.0495	110m
SI023_120m_plate8_07-16-08_8715	SI023_120m	23	2008	7	16	120	123 30.300 W	48 35.500 N	40.4	3.8	75.0	22.3	0.4	NAN	0.0	1006335.0	NAN	NAN	NAN	NAN	NAN	NAN	6.0	2.1	17.3	0.7	120	8.8174	33.278949	0.0683	87.587	2.92E+00	0.925348076	40.35424228	31.0829	24.0818	120m
SI023_135m_plate8_07-16-08_8715	SI023_135m	23	2008	7	16	135	123 30.300 W	48 35.500 N	19.8	3.7	79.8	16.3	0.4	NAN	0.0	1253520.0	NAN	NAN	NAN	NAN	NAN	NAN	7.3	1.5	17.0	0.6	135	9.014	33.529396	0.0897	84.6474	2.89E+00	0.45509096	19.84577738	31.1632	24.1152	135m
SI023_150m_plate8_07-16-08_8715	SI023_150m	23	2008	7	16	150	123 30.300 W	48 35.500 N	3.7	3.6	91.2	1.8	2.8	NAN	0.0	1539540.0	NAN	NAN	NAN	NAN	NAN	NAN	159.3	1.8	2.1	1.2	150	9.2701	33.845594	0.1598	88.3482	2.88E+00	0.085587284	3.732195216	31.2579	24.1501	150m
SI023_165m_plate8_07-16-08_8715	SI023_165m	23	2008	7	16	165	123 30.300 W	48 35.500 N	3.4	3.8	96.6	0.0	3.0	NAN	4.0	1077255.0	NAN	NAN	NAN	NAN	NAN	NAN	460.9	26.8	0.0	0.9	165	9.3471	33.950601	0.1451	88.6752	2.86E+00	0.078179568	3.409118499	31.2917	24.1649	165m
SI023_185m_plate8_07-16-08_8715	SI023_185m	23	2008	7	16	185	123 30.300 W	48 35.500 N	3.2	4.6	99.5	0.0	4.5	NAN	8.4	1267560.0	NAN	NAN	NAN	NAN	NAN	NAN	694.3	0.0	0.0	0.0	185	9.3822	34.006504	0.1088	89.6391	2.84E+00	0.074321604	3.240859275	31.3096	24.1737	185m
SI023_20m_plate8_07-16-08_8715	SI023_20m	23	2008	7	16	20	123 30.300 W	48 35.500 N	293.1	0.5	21.8	20.0	3.1	NAN	0.0	NAN	NAN	NAN	NAN	NAN	NAN	NAN	30.1	2.0	9.7	0.1	20	14.2584	35.259101	0.9514	90.0914	1.77E+01	6.701177188	293.0508759	28.6536	21.2376	20m
SI023_40m_plate8_07-16-08_8715	SI023_40m	23	2008	7	16	40	123 30.300 W	48 35.500 N	201.1	1.5	25.3	14.5	3.8	NAN	0.0	2498445.0	NAN	NAN	NAN	NAN	NAN	NAN	42.2	0.1	12.1	1.2	40	9.7682	32.661377	0.3124	91.2502	3.78E+00	4.604974236	201.0662585	29.6787	22.8377	40m
SI023_60m_plate8_07-16-08_8715	SI023_60m	23	2008	7	16	60	123 30.300 W	48 35.500 N	142.5	2.1	42.1	25.4	0.0	NAN	0.0	NAN	NAN	NAN	NAN	NAN	NAN	NAN	29.5	0.2	12.5	1.6	60	8.8536	32.587423	0.1724	89.6112	3.25E+00	3.265197928	142.4739211	30.3623	23.5118	60m
SI023_75m_plate8_07-16-08_8715	SI023_75m	23	2008	7	16	75	123 30.300 W	48 35.500 N	97.2	2.7	60.5	29.6	0.9	NAN	0.0	1295415.0	NAN	NAN	NAN	NAN	NAN	NAN	12.9	0.2	14.9	2.1	75	8.6371	32.786783	0.1633	87.872	3.20E+00	2.229201744	97.23736924	30.7489	23.8466	75m
SI023_85m_plate8_07-16-08_8715	SI023_85m	23	2008	7	16	85	123 30.300 W	48 35.500 N	73.1	2.9	59.7	28.3	0.3	NAN	0.0	764325.0	NAN	NAN	NAN	NAN	NAN	NAN	5.6	2.3	15.6	0.6	85	8.5505	32.855987	0.1415	88.7502	3.16E+00	1.677034632	73.14301879	30.8921	23.9715	85m
SI023_90m_plate8_07-16-08_8715	SI023_90m	23	2008	7	16	90	123 30.300 W	48 35.500 N	64.7	3.1	64.6	29.5	NAN	NAN	0.0	1684035.0	NAN	NAN	NAN	NAN	NAN	NAN	5.2	1.3	16.0	0.3	90	8.5747	32.903675	0.0848	88.9699	3.14E+00	1.483434984	64.69818113	30.9184	23.9887	90m
SI023_97m_plate8_07-16-08_8715	SI023_97m	23	2008	7	16	97	123 30.300 W	48 35.500 N	44.2	3.0	68.0	27.8	0.2	NAN	0.0	1128960.0	NAN	NAN	NAN	NAN	NAN	NAN	2.2	0.4	16.7	0.0	97	8.6175	32.96781	0.0742	89.1039	3.01E+00	1.013347916	44.19529387	30.9448	24.0031	97m
SI024_100m_plate8_08-11-08_8715	SI024_100m	24	2008	8	11	100	123 30.300 W	48 35.500 N	39.6	3.4	67.6	29.4	1.2	0.2	0.0	294708.3	NAN	NAN	NAN	NAN	NAN	NAN	5.1	0.0	14.5	0.0	100	8.7573	33.141741	0.1675	88.2138	2.93E+00	0.90875	39.63252047	31.0019	24.0271	100m
SI024_10m_plate8_08-11-08_8715	SI024_10m	24	2008	8	11	10	123 30.300 W	48 35.500 N	226.5	1.2	47.8	11.4	1.6	1.2	0.0	1040291.7	NAN	NAN	NAN	NAN	NAN	NAN	21.8	3.0	10.9	0.8	10	12.8281	33.978863	1.2092	89.8267	1.18E+02	5.18127	226.5391531	28.5534	21.4372	10m
SI024_110m_plate8_08-11-08_8715	SI024_110m	24	2008	8	11	110	123 30.300 W	48 35.500 N	32.7	3.5	70.6	28.9	1.2	0.1	0.0	238916.7	NAN	NAN	NAN	NAN	NAN	NAN	4.3	0.8	17.6	0.7	110	8.7999	33.220869	0.182	87.6613	2.80E+00	0.74968	32.69432527	31.0424	24.0526	110m
SI024_120m_plate8_08-11-08_8715	SI024_120m	24	2008	8	11	120	123 30.300 W	48 35.500 N	20.9	3.7	75.0	25.1	1.4	0.1	0.0	290208.3	NAN	NAN	NAN	NAN	NAN	NAN	5.9	0.0	17.2	0.0	120	8.8368	33.289879	0.1099	87.9679	2.78E+00	0.47937	20.90537768	31.0772	24.0745	120m
SI024_135m_plate8_08-11-08_8715	SI024_135m	24	2008	8	11	135	123 30.300 W	48 35.500 N	23.3	4.0	78.6	17.9	1.0	0.1	0.0	260000.0	NAN	NAN	NAN	NAN	NAN	NAN	7.9	0.0	15.6	0.0	135	8.9914	33.497982	0.1534	85.4106	2.77E+00	0.53515	23.33716789	31.1506	24.1088	135m
SI024_150m_plate8_08-11-08_8715	SI024_150m	24	2008	8	11	150	123 30.300 W	48 35.500 N	8.3	4.4	90.3	10.9	0.7	0.1	0.0	466458.3	NAN	NAN	NAN	NAN	NAN	NAN	5.9	1.1	10.3	0.7	150	9.1431	33.695647	0.1744	82.6189	2.75E+00	0.19017	8.292834684	31.215	24.1362	150m
SI024_165m_plate8_08-11-08_8715	SI024_165m	24	2008	8	11	165	123 30.300 W	48 35.500 N	3.0	4.5	97.4	1.4	1.2	0.3	0.0	516958.3	NAN	NAN	NAN	NAN	NAN	NAN	82.8	3.1	0.6	1.1	165	9.2462	33.828457	0.1886	88.0888	2.74E+00	0.06822	2.974857338	31.2548	24.1517	165m
SI024_185m_plate8_08-11-08_8715	SI024_185m	24	2008	8	11	185	123 30.300 W	48 35.500 N	2.8	5.0	107.7	0.0	5.8	0.4	6.0	716208.3	NAN	NAN	NAN	NAN	NAN	NAN	591.4	0.0	0.4	0.0	185	9.3498	33.9648	0.2389	88.3586	2.73E+00	0.06533	2.848789397	31.2953	24.1676	185m
SI024_200m_plate8_08-11-08_8715	SI024_200m	24	2008	8	11	200	123 30.300 W	48 35.500 N	2.8	5.2	110.0	0.0	5.8	0.3	9.7	387666.7	NAN	NAN	NAN	NAN	NAN	NAN	786.8	0.0	0.3	0.0	200	9.3821	34.013683	0.2458	89.7503	2.72E+00	0.06383	2.783360342	31.3107	24.1749	200m
SI024_20m_plate8_08-11-08_8715	SI024_20m	24	2008	8	11	20	123 30.300 W	48 35.500 N	195.0	1.6	42.8	16.6	1.9	0.4	0.0	305958.3	NAN	NAN	NAN	NAN	NAN	NAN	34.7	0.0	11.5	0.0	20	12.1356	34.088087	0.7039	91.1767	1.86E+01	4.46289	195.0121999	29.1836	22.0523	20m
SI024_40m_plate8_08-11-08_8715	SI024_40m	24	2008	8	11	40	123 30.300 W	48 35.500 N	146.3	2.0	39.7	24.2	0.5	0.2	0.0	300916.7	NAN	NAN	NAN	NAN	NAN	NAN	30.2	4.4	12.5	0.4	40	9.9725	32.90928	0.4845	91.7152	3.78E+00	3.35132	146.3237895	29.7594	22.8682	40m
SI024_60m_plate8_08-11-08_8715	SI024_60m	24	2008	8	11	60	123 30.300 W	48 35.500 N	111.7	2.5	50.6	30.5	0.7	0.0	0.0	402416.7	NAN	NAN	NAN	NAN	NAN	NAN	13.8	0.4	14.0	0.7	60	9.2168	32.837438	1.0849	90.4072	3.14E+00	2.5593	111.6831541	30.3099	23.4161	60m
SI024_75m_plate8_08-11-08_8715	SI024_75m	24	2008	8	11	75	123 30.300 W	48 35.500 N	72.9	3.0	63.5	30.5	1.5	0.1	0.0	118541.7	NAN	NAN	NAN	NAN	NAN	NAN	9.0	0.0	16.3	0.5	75	8.8398	32.93804	0.2152	89.3335	3.08E+00	1.67185	72.92898713	30.73	23.8017	75m
SI024_85m_plate8_08-11-08_8715	SI024_85m	24	2008	8	11	85	123 30.300 W	48 35.500 N	67.5	3.0	65.2	30.1	0.6	0.2	0.0	192208.3	NAN	NAN	NAN	NAN	NAN	NAN	8.3	0.0	15.7	0.0	85	8.8869	33.168204	0.1687	86.4056	3.05E+00	1.54725	67.48423451	30.9227	23.9456	85m
SI024_90m_plate8_08-11-08_8715	SI024_90m	24	2008	8	11	90	123 30.300 W	48 35.500 N	59.5	3.1	66.5	30.1	0.7	0.1	0.0	432708.3	NAN	NAN	NAN	NAN	NAN	NAN	6.7	0.4	15.8	1.1	90	8.8228	33.140683	0.1731	86.455	3.05E+00	1.36336	59.46205484	30.9479	23.975	90m
SI024_97m_plate8_08-11-08_8715	SI024_97m	24	2008	8	11	97	123 30.300 W	48 35.500 N	39.7	3.3	67.0	29.7	0.4	0.2	0.0	202125.0	NAN	NAN	NAN	NAN	NAN	NAN	11.7	0.0	16.6	0.0	97	8.6926	33.052026	0.1656	88.2246	2.94E+00	0.91024	39.69820034	30.9667	24.0091	97m
SI025_100m_plate12_09-10-08_9407	SI025_100m	25	2008	9	10	100	123 30.300 W	48 35.500 N	22.3	3.3	48.5	27.7	NAN	NAN	0.0	238250.0	418.3	27.4	29.4	3.7	148.1	0.5	0.0	7.1	23.7	0.9	100	8.9524	33.398845	0.0842	89.0216	2.63E+00	0.51179	22.31926099	31.0974	24.0725	100m
SI025_10m_plate12_09-10-08_9407	SI025_10m	25	2008	9	10	10	123 30.300 W	48 35.500 N	307.7	0.5	13.2	4.0	NAN	NAN	0.0	847625.0	447.4	129.5	355.9	53.9	33.8	4.5	4.9	2.5	12.9	1.4	10	13.2789	33.847403	25.1245	71.7902	9.30E+00	7.03556	307.7458167	28.0958	20.9988	10m
SI025_110m_plate12_09-10-08_9407	SI025_110m	25	2008	9	10	110	123 30.300 W	48 35.500 N	23.8	3.0	46.7	23.0	NAN	NAN	0.0	303416.7	285.6	39.3	15.5	5.8	136.0	6.9	0.0	1.7	20.9	0.9	110	8.9975	33.475733	0.0861	88.5021	2.59E+00	0.54586	23.80456517	31.133	24.0938	110m
SI025_120m_plate12_09-10-08_9407	SI025_120m	25	2008	9	10	120	123 30.300 W	48 35.500 N	20.1	3.2	63.0	21.1	NAN	NAN	0.0	267375.0	449.7	17.9	30.8	3.7	146.1	4.8	0.0	2.4	18.7	1.2	120	9.071	33.584694	0.0683	87.0057	2.58E+00	0.46052	20.08249566	31.1767	24.1169	120m
SI025_135m_plate12_09-10-08_9407	SI025_135m	25	2008	9	10	135	123 30.300 W	48 35.500 N	9.3	3.9	75.9	10.5	NAN	NAN	0.0	487416.7	446.0	5.2	10.0	0.8	155.8	0.2	0.0	0.4	10.1	2.1	135	9.1493	33.692717	0.086	85.679	2.58E+00	0.21242	9.263126464	31.2129	24.1334	135m
SI025_150m_plate12_09-10-08_9407	SI025_150m	25	2008	9	10	150	123 30.300 W	48 35.500 N	3.1	4.1	78.7	2.0	NAN	NAN	0.0	639250.0	430.6	18.3	11.6	1.1	162.4	6.8	88.3	0.1	0.0	1.3	150	9.2575	33.837065	0.1568	87.9433	2.56E+00	0.07108	3.099566491	31.2601	24.1538	150m
SI025_165m_plate12_09-10-08_9407	SI025_165m	25	2008	9	10	165	123 30.300 W	48 35.500 N	2.8	4.5	90.9	0.0	NAN	NAN	0.0	631708.3	465.1	35.4	7.1	2.5	165.6	8.1	814.7	37.4	0.0	2.8	165	9.3035	33.901989	0.1437	86.3104	2.58E+00	0.06519	2.842698693	31.28	24.1625	165m
SI025_185m_plate12_09-10-08_9407	SI025_185m	25	2008	9	10	185	123 30.300 W	48 35.500 N	2.8	4.9	97.2	0.0	NAN	NAN	0.0	745875.0	557.1	33.8	7.610231577	33.1	151.9	5.8	797.8	78.2	0.0	0.3	185	9.3296	33.947921	0.2454	87.9676	2.55E+00	0.06308	2.750666173	31.2958	24.1711	185m
SI025_200m_plate12_09-10-08_9407	SI025_200m	25	2008	9	10	200	123 30.300 W	48 35.500 N	2.7	5.0	96.0	0.0	NAN	NAN	4.9	1029708.3	468.6	28.5	4.1	0.7	152.8	1.2	737.8	3.9	0.0	0.0	200	9.3331	33.962763	0.2352	85.9412	2.55E+00	0.06249	2.724927727	31.3015	24.1752	200m
SI025_20m_plate12_09-10-08_9407	SI025_20m	25	2008	9	10	20	123 30.300 W	48 35.500 N	314.2	0.5	14.1	3.4	NAN	NAN	0.0	1535625.0	395.0	53.8	354.6	4.3	32.0	1.4	6.7	6.4	12.4	0.6	20	13.4393	34.624462	18.8662	75.039	3.05E+00	7.18709	314.2429107	28.6869	21.4246	20m
SI025_40m_plate12_09-10-08_9407	SI025_40m	25	2008	9	10	40	123 30.300 W	48 35.500 N	127.5	1.1	17.5	9.4	NAN	NAN	0.0	431125.0	411.2	29.0	162.2	2.8	79.2	0.2	20.1	5.6	16.0	0.0	40	10.8539	33.58746	0.4419	92.2812	2.93E+00	2.92054	127.5379272	29.7117	22.6865	40m
SI025_60m_plate12_09-10-08_9407	SI025_60m	25	2008	9	10	60	123 30.300 W	48 35.500 N	93.3	1.9	22.7	20.8	NAN	NAN	0.0	274666.7	407.6	1.4	110.4	14.3	99.7	7.7	0.0	4.1	19.5	0.2	60	9.6179	33.265845	0.2949	91.311	2.74E+00	2.1371	93.25792737	30.4061	23.4292	60m
SI025_75m_plate12_09-10-08_9407	SI025_75m	25	2008	9	10	75	123 30.300 W	48 35.500 N	40.3	2.4	23.9	28.2	NAN	NAN	0.0	241583.3	352.7	115.6	40.5	16.6	124.8	13.5	0.0	1.2	23.7	6.7	75	9.0672	33.344781	0.233	87.8729	2.73E+00	0.92507	40.34765098	30.9523	23.9413	75m
SI025_85m_plate12_09-10-08_9407	SI025_85m	25	2008	9	10	85	123 30.300 W	48 35.500 N	25.4	2.7	26.5	26.1	NAN	NAN	0.0	283083.3	417.9	28.8	23.3	3.9	147.4	3.6	0.0	7.7	24.2	0.7	85	8.9576	33.343518	0.0999	88.715	2.72E+00	0.58142	25.35693073	31.0422	24.0284	85m
SI025_90m_plate12_09-10-08_9407	SI025_90m	25	2008	9	10	90	123 30.300 W	48 35.500 N	25.2	3.0	47.6	24.7	NAN	NAN	0.0	325958.3	339.9	14.9	21.1	0.9	133.7	1.6	0.0	0.9	20.6	3.1	90	8.9488	33.353724	0.0985	88.1611	2.71E+00	0.5785	25.22924102	31.0583	24.0423	90m
SI025_97m_plate12_09-10-08_9407	SI025_97m	25	2008	9	10	97	123 30.300 W	48 35.500 N	24.1	3.4	61.3	27.5	NAN	NAN	0.0	502666.7	434.3	18.1	35.8	13.1	139.0	11.3	0.0	3.2	23.0	1.6	97	8.9632	33.396838	0.1058	88.4875	2.64E+00	0.55358	24.1419573	31.0872	24.0629	97m
SI027_100m_plate8_11-12-08_8715	SI027_100m	27	2008	11	12	100	123 30.300 W	48 35.500 N	NAN	NAN	NAN	NAN	0.0	0.0	0.0	452608.0	NAN	NAN	NAN	NAN	NAN	NAN	9.4	2.1	17.5	0.9	NAN	NAN	NAN	NAN	NAN	NAN	NAN	NAN	NAN	NAN	NAN
SI027_10m_plate8_11-12-08_8715	SI027_10m	27	2008	11	12	10	123 30.300 W	48 35.500 N	NAN	NAN	NAN	NAN	0.0	0.0	0.0	NAN	NAN	NAN	NAN	NAN	NAN	NAN	36.2	3.8	14.1	1.3	NAN	NAN	NAN	NAN	NAN	NAN	NAN	NAN	NAN	NAN	NAN
SI027_110m_plate8_11-12-08_8715	SI027_110m	27	2008	11	12	110	123 30.300 W	48 35.500 N	NAN	NAN	NAN	NAN	0.8	0.0	0.0	501248.0	NAN	NAN	NAN	NAN	NAN	NAN	6.4	0.3	16.7	2.0	NAN	NAN	NAN	NAN	NAN	NAN	NAN	NAN	NAN	NAN	NAN
SI027_135m_plate8_11-12-08_8715	SI027_135m	27	2008	11	12	135	123 30.300 W	48 35.500 N	NAN	NAN	NAN	NAN	0.3	0.0	0.0	385493.3	NAN	NAN	NAN	NAN	NAN	NAN	4.6	2.6	10.3	0.6	NAN	NAN	NAN	NAN	NAN	NAN	NAN	NAN	NAN	NAN	NAN
SI027_150m_plate8_11-12-08_8715	SI027_150m	27	2008	11	12	150	123 30.300 W	48 35.500 N	NAN	NAN	NAN	NAN	0.0	0.0	0.0	535210.7	NAN	NAN	NAN	NAN	NAN	NAN	3.8	0.2	15.1	0.9	NAN	NAN	NAN	NAN	NAN	NAN	NAN	NAN	NAN	NAN	NAN
SI027_165m_plate8_11-12-08_8715	SI027_165m	27	2008	11	12	165	123 30.300 W	48 35.500 N	NAN	NAN	NAN	NAN	0.2	0.0	0.0	327637.3	NAN	NAN	NAN	NAN	NAN	NAN	4.8	0.8	13.8	1.0	NAN	NAN	NAN	NAN	NAN	NAN	NAN	NAN	NAN	NAN	NAN
SI027_185m_plate8_11-12-08_8715	SI027_185m	27	2008	11	12	185	123 30.300 W	48 35.500 N	NAN	NAN	NAN	NAN	0.3	0.0	0.0	457216.0	NAN	NAN	NAN	NAN	NAN	NAN	2.6	1.8	10.8	10.7	NAN	NAN	NAN	NAN	NAN	NAN	NAN	NAN	NAN	NAN	NAN
SI027_200m_plate8_11-12-08_8715	SI027_200m	27	2008	11	12	200	123 30.300 W	48 35.500 N	NAN	NAN	NAN	NAN	0.0	0.0	0.0	491648.0	NAN	NAN	NAN	NAN	NAN	NAN	4.1	0.7	20.2	0.5	NAN	NAN	NAN	NAN	NAN	NAN	NAN	NAN	NAN	NAN	NAN
SI027_20m_plate8_11-12-08_8715	SI027_20m	27	2008	11	12	20	123 30.300 W	48 35.500 N	NAN	NAN	NAN	NAN	0.0	0.0	0.0	489770.7	NAN	NAN	NAN	NAN	NAN	NAN	35.2	2.4	14.3	0.2	NAN	NAN	NAN	NAN	NAN	NAN	NAN	NAN	NAN	NAN	NAN
SI027_40m_plate8_11-12-08_8715	SI027_40m	27	2008	11	12	40	123 30.300 W	48 35.500 N	NAN	NAN	NAN	NAN	0.0	0.0	0.0	293802.7	NAN	NAN	NAN	NAN	NAN	NAN	35.8	2.0	15.5	0.9	NAN	NAN	NAN	NAN	NAN	NAN	NAN	NAN	NAN	NAN	NAN
SI027_60m_plate8_11-12-08_8715	SI027_60m	27	2008	11	12	60	123 30.300 W	48 35.500 N	NAN	NAN	NAN	NAN	2.5	0.0	0.0	309632.0	NAN	NAN	NAN	NAN	NAN	NAN	12.2	19.4	7.6	11.2	NAN	NAN	NAN	NAN	NAN	NAN	NAN	NAN	NAN	NAN	NAN
SI027_75m_plate8_11-12-08_8715	SI027_75m	27	2008	11	12	75	123 30.300 W	48 35.500 N	NAN	NAN	NAN	NAN	0.6	0.0	0.0	258090.7	NAN	NAN	NAN	NAN	NAN	NAN	19.9	0.5	16.1	0.8	NAN	NAN	NAN	NAN	NAN	NAN	NAN	NAN	NAN	NAN	NAN
SI027_85m_plate8_11-12-08_8715	SI027_85m	27	2008	11	12	85	123 30.300 W	48 35.500 N	NAN	NAN	NAN	NAN	0.0	0.0	0.0	241962.7	NAN	NAN	NAN	NAN	NAN	NAN	19.2	0.6	16.3	0.5	NAN	NAN	NAN	NAN	NAN	NAN	NAN	NAN	NAN	NAN	NAN
SI027_90m_plate8_11-12-08_8715	SI027_90m	27	2008	11	12	90	123 30.300 W	48 35.500 N	NAN	NAN	NAN	NAN	3.4	0.0	0.0	395306.7	NAN	NAN	NAN	NAN	NAN	NAN	8.8	0.4	17.7	0.1	NAN	NAN	NAN	NAN	NAN	NAN	NAN	NAN	NAN	NAN	NAN
SI027_97m_plate8_11-12-08_8715	SI027_97m	27	2008	11	12	97	123 30.300 W	48 35.500 N	NAN	NAN	NAN	NAN	5.2	0.0	0.0	342357.3	NAN	NAN	NAN	NAN	NAN	NAN	9.2	0.1	16.0	0.5	NAN	NAN	NAN	NAN	NAN	NAN	NAN	NAN	NAN	NAN	NAN
SI028_100m_plate9_12-10-08_8713	SI028_100m	28	2008	12	10	100	123 30.300 W	48 35.500 N	13.8	NAN	NAN	NAN	NAN	0.1	0.0	302258.3	NAN	NAN	30.76876825	16.68556194	132.8240407	10.61287212	0.0	1.1	22.4	4.9	100	9.2658	33.688134	0.0683	86.1484	8.72E-02	0.31547	13.75809873	31.1215	24.0434	100m
SI028_10m_plate9_12-10-08_8713	SI028_10m	28	2008	12	10	10	123 30.300 W	48 35.500 N	192.9	NAN	NAN	NAN	NAN	0.2	0.0	486822.7	NAN	NAN	271.7430483	15.97283664	61.57589856	2.541321348	18.5	0.1	14.4	0.3	10	9.0528	31.921413	2.8628	85.9973	2.84E+01	4.41867	192.9328557	29.531	22.8315	10m
SI028_110m_plate9_12-10-08_8713	SI028_110m	28	2008	12	10	110	123 30.300 W	48 35.500 N	6.7	NAN	NAN	NAN	NAN	0.1	0.0	347355.0	NAN	NAN	22.1240557	2.008115973	149.7998348	2.781175346	0.0	1.2	18.4	0.3	110	9.2373	33.723096	0.0595	85.4478	8.72E-02	0.15468	6.745495644	31.1779	24.0921	110m
SI028_120m_plate9_12-10-08_8713	SI028_120m	28	2008	12	10	120	123 30.300 W	48 35.500 N	5.4	NAN	NAN	NAN	NAN	0.0	0.0	385452.0	NAN	NAN	22.28520849	0.87764963	146.846812	0.352490968	0.0	0.1	14.0	0.2	120	9.22	33.746657	0.0683	86.2237	8.72E-02	0.12453	5.430513328	31.2129	24.1223	120m
SI028_135m_plate9_12-10-08_8713	SI028_135m	28	2008	12	10	135	123 30.300 W	48 35.500 N	2.8	NAN	NAN	NAN	NAN	0.1	0.0	263193.0	NAN	NAN	22.59520708	1.24164569	147.2550921	4.07777578	9.3	0.7	5.4	0.2	135	9.2522	33.832518	0.1783	89.0603	8.72E-02	0.06499	2.833985999	31.2665	24.1594	135m
SI028_150m_plate9_12-10-08_8713	SI028_150m	28	2008	12	10	150	123 30.300 W	48 35.500 N	4.3	NAN	NAN	NAN	NAN	0.0	0.0	282698.0	NAN	NAN	32.25172601	27.32552616	146.8919804	0.104948799	5.2	2.0	13.6	0.0	150	9.2645	33.873411	0.1746	87.8039	8.72E-02	0.09799	4.27292643	31.2912	24.1771	150m
SI028_165m_plate9_12-10-08_8713	SI028_165m	28	2008	12	10	165	123 30.300 W	48 35.500 N	9.0	NAN	NAN	NAN	NAN	0.1	0.0	387776.0	NAN	NAN	18.11735324	4.534756183	133.3944346	7.553946878	0.0	2.2	18.3	2.7	165	9.2612	33.895624	0.1569	88.8237	8.72E-02	0.20606	8.985260101	31.3105	24.1929	165m
SI028_185m_plate9_12-10-08_8713	SI028_185m	28	2008	12	10	185	123 30.300 W	48 35.500 N	5.6	NAN	NAN	NAN	NAN	0.0	0.0	582300.3	NAN	NAN	19.7574954	1.879896187	141.0065488	5.342031199	0.0	1.8	18.2	1.0	185	9.2558	33.922483	0.147	86.0383	8.72E-02	0.12797	5.580033091	31.3342	24.2126	185m
SI028_200m_plate9_12-10-08_8713	SI028_200m	28	2008	12	10	200	123 30.300 W	48 35.500 N	3.5	NAN	NAN	NAN	NAN	0.1	0.0	1477151.0	NAN	NAN	38.7433511	30.72308291	142.2268115	1.597801783	6.0	6.0	14.9	1.7	200	9.2464	33.935271	0.1568	84.3679	8.72E-02	0.07956	3.469107013	31.3492	24.226	200m
SI028_20m_plate9_12-10-08_8713	SI028_20m	28	2008	12	10	20	123 30.300 W	48 35.500 N	169.2	NAN	NAN	NAN	NAN	0.2	0.0	379061.0	NAN	NAN	189.3150025	2.600988884	76.14799415	1.103164391	20.6	0.5	13.0	1.2	20	9.3723	32.433283	0.9531	90.2959	5.31E+00	3.87614	169.2196104	29.7837	22.9808	20m
SI028_40m_plate9_12-10-08_8713	SI028_40m	28	2008	12	10	40	123 30.300 W	48 35.500 N	132.9	NAN	NAN	NAN	NAN	0.1	0.0	300155.7	NAN	NAN	149.9584313	0.641884809	86.93918655	2.433363883	18.0	0.0	16.1	1.4	40	9.8563	33.085886	0.098	92.5607	2.03E+00	3.04355	132.8559831	30.0328	23.0999	40m
SI028_60m_plate9_12-10-08_8713	SI028_60m	28	2008	12	10	60	123 30.300 W	48 35.500 N	130.0	NAN	NAN	NAN	NAN	0.0	0.0	437714.3	NAN	NAN	152.4786174	2.818134068	85.41824554	0.56047882	11.3	0.1	15.3	2.5	60	9.6765	33.261343	0.089	91.4898	2.06E+00	2.97872	129.9907377	30.3521	23.3778	60m
SI028_75m_plate9_12-10-08_8713	SI028_75m	28	2008	12	10	75	123 30.300 W	48 35.500 N	106.1	NAN	NAN	NAN	NAN	0.1	0.0	501984.0	NAN	NAN	138.9803868	21.71973904	83.95169963	6.604029963	10.7	0.8	15.4	0.7	75	9.5827	33.415515	0.0728	90.6432	8.72E-02	2.43189	106.1070727	30.5814	23.5718	75m
SI028_85m_plate9_12-10-08_8713	SI028_85m	28	2008	12	10	85	123 30.300 W	48 35.500 N	82.8	NAN	NAN	NAN	NAN	0.1	0.0	278686.3	NAN	NAN	105.4343583	4.647383466	103.488496	3.441350843	4.7	0.1	17.3	0.3	85	9.3684	33.432019	0.0854	85.7066	8.72E-02	1.89835	82.8128192	30.7773	23.7583	85m
SI028_90m_plate9_12-10-08_8713	SI028_90m	28	2008	12	10	90	123 30.300 W	48 35.500 N	49.8	NAN	NAN	NAN	NAN	0.1	0.0	410269.0	NAN	NAN	84.13265593	8.573873067	119.1421262	5.495132041	0.0	0.3	19.9	2.2	90	9.3089	33.53437	0.0823	86.7442	8.72E-02	1.14132	49.78216967	30.9311	23.8877	90m
SI028_97m_plate9_12-10-08_8713	SI028_97m	28	2008	12	10	97	123 30.300 W	48 35.500 N	19.0	NAN	NAN	NAN	NAN	0.0	0.0	346691.0	NAN	NAN	35.52003993	2.456453241	136.8527983	0.322402755	0.0	0.8	18.9	3.3	97	9.2772	33.668909	0.0718	86.4487	8.72E-02	0.4355	18.9932223	31.0932	24.0195	97m
SI029_120m_plate9_01-14-09_8713	SI029_120m	29	2009	1	14	120	123 30.300 W	48 35.500 N	6.2	4.4	26.1	9.7	NAN	0.0	0.0	337435.0	263.3559578	141.231	14.19534893	4.596617809	145.6610278	2.23883193	0.0	3.4	5.4	1.9	120	9.2068	33.729784	0.0921	87.9146	8.72E-02	0.14103	6.150061546	31.2072	24.1198	120m
SI029_135m_plate9_01-14-09_8713	SI029_135m	29	2009	1	14	135	123 30.300 W	48 35.500 N	3.3	4.6	28.4	8.2	NAN	0.0	0.0	528010.0	238.6542742	13.851	7.980105029	3.04106372	150.7013814	2.286693726	0.0	0.9	2.9	2.0	135	9.2391	33.815459	0.0753	89.8353	8.72E-02	0.07458	3.252180843	31.2604	24.1567	135m
SI029_150m_plate9_01-14-09_8713	SI029_150m	29	2009	1	14	150	123 30.300 W	48 35.500 N	3.1	4.7	28.8	8.3	NAN	0.4	0.0	680435.0	173.1280394	21.018	9.002778069	3.681715176	146.5453865	2.009005804	19.8	3.7	2.3	0.2	150	9.258	33.869476	0.1717	89.316	8.72E-02	0.07008	3.055883672	31.2929	24.1793	150m
SI029_165m_plate9_01-14-09_8713	SI029_165m	29	2009	1	14	165	123 30.300 W	48 35.500 N	3.9	4.5	29.8	15.5	NAN	0.0	0.0	790370.0	233.2479006	51.394	7.677359865	3.719631065	148.1620189	7.779056512	0.0	2.0	13.5	0.9	165	9.2602	33.896357	0.0638	87.8189	8.72E-02	0.08999	3.924014613	31.3121	24.1943	165m
SI029_185m_plate9_01-14-09_8713	SI029_185m	29	2009	1	14	185	123 30.300 W	48 35.500 N	3.6	4.6	25.5	16.1	NAN	0.0	0.0	445672.5	213.0659145	16.161	6.214795377	2.935368915	155.0012114	2.951600093	12.1	0.1	7.6	1.4	185	9.2576	33.92032	0.1434	86.9954	8.72E-02	0.08343	3.63791213	31.3304	24.2094	185m
SI029_200m_plate9_01-14-09_8713	SI029_200m	29	2009	1	14	200	123 30.300 W	48 35.500 N	3.0	4.4	32.3	14.6	NAN	0.3	0.0	940747.5	272.1385122	16.083	7.175073948	2.130989465	147.6347045	0.909345779	31.9	1.4	0.1	5.3	200	9.2513	33.93575	0.1573	86.815	8.72E-02	0.06812	2.970291899	31.3454	24.2223	200m
SI029_20m_plate9_01-14-09_8713	SI029_20m	29	2009	1	14	20	123 30.300 W	48 35.500 N	176.9	2.2	27.1	29.4	NAN	0.0	0.0	367500.0	190.6215736	2.115	160.578509	10.17473654	83.48562066	1.401219151	0.0	0.5	11.3	1.0	20	8.2284	31.788644	0.5136	89.9052	6.07E+00	4.05393	176.9116299	30.0839	23.3839	20m
SI029_40m_plate9_01-14-09_8713	SI029_40m	29	2009	1	14	40	123 30.300 W	48 35.500 N	159.7	2.5	35.1	33.6	NAN	0.0	0.0	240240.0	223.2728001	60.007	170.9555892	8.463342748	87.77585102	1.731299665	0.0	3.9	12.6	0.4	40	8.4852	32.18064	0.1623	90.1943	1.11E+00	3.65926	159.6720156	30.2646	23.489	40m
SI029_60m_plate9_01-14-09_8713	SI029_60m	29	2009	1	14	60	123 30.300 W	48 35.500 N	185.2	2.6	28.4	30.2	NAN	0.0	0.0	310170.0	208.6849733	17.126	163.0057922	13.58602706	87.56642721	1.480226998	0.0	0.8	12.2	2.8	60	7.7893	31.741353	0.2151	87.7276	3.05E+00	4.24456	185.1752299	30.3958	23.6901	60m
SI029_75m_plate9_01-14-09_8713	SI029_75m	29	2009	1	14	75	123 30.300 W	48 35.500 N	158.6	2.8	26.5	29.6	NAN	0.0	0.0	304360.0	253.958836	8.875	157.7257839	15.86683567	98.69319293	0.542020079	0.0	8.2	15.3	0.3	75	8.0852	32.118587	0.1128	88.4317	2.81E+00	3.63519	158.5805829	30.5301	23.7545	75m
SI030_10m_plate9_02-11-09_8713	SI030_10m	30	2009	2	11	10	123 30.300 W	48 35.500 N	179.9	2.5	23.5	29.8	NAN	0.1	0.0	319440.0	353.7769411	42.56823106	216.9427438	0.327843831	84.37911586	3.08238658	4.0	1.7	12.1	1.2	10	7.7237	31.093581	33.6149	89.0145	2.22E+01	4.1215	179.8889351	29.7879	23.2213	10m
SI030_110m_plate9_02-11-09_8713	SI030_110m	30	2009	2	11	110	123 30.300 W	48 35.500 N	120.8	4.2	27.1	21.7	NAN	0.0	0.0	312180.0	423.1078026	2.340144518	30.27927335	6.437646515	148.6756033	4.887600683	0.0	3.2	13.2	0.9	110	8.8687	32.807758	5.54	85.5137	3.83E+01	2.76998	120.847865	30.5556	23.6615	110m
SI030_120m_plate9_02-11-09_8713	SI030_120m	30	2009	2	11	120	123 30.300 W	48 35.500 N	91.3	3.7	24.9	14.7	NAN	0.0	0.0	355860.0	355.4565929	4.241641979	6.711028409	2.421880795	150.0855535	2.131196866	0.0	1.2	13.8	1.4	120	9.1026	33.234684	2.886	88.1179	1.68E+00	2.09256	91.28041592	30.7894	23.8092	120m
SI030_135m_plate9_02-11-09_8713	SI030_135m	30	2009	2	11	135	123 30.300 W	48 35.500 N	51.5	4.2	23.5	10.2	NAN	0.7	0.0	376530.0	416.5284342	86.5242711	14.90647879	10.538875	153.0518884	3.027810848	28.4	8.0	1.2	5.8	135	9.2307	33.625727	2.7244	90.0425	1.67E+00	1.18043	51.48183737	31.0733	24.0117	135m
SI030_150m_plate9_02-11-09_8713	SI030_150m	30	2009	2	11	150	123 30.300 W	48 35.500 N	19.5	4.6	27.3	11.5	NAN	0.6	0.0	485250.0	386.7999275	16.73252797	8.959353924	2.663212413	150.4761195	4.775712497	33.6	2.8	0.0	3.9	150	9.2519	33.715684	1.666	90.6427	1.69E+00	0.44648	19.4712922	31.1406	24.0613	150m
SI030_165m_plate9_02-11-09_8713	SI030_165m	30	2009	2	11	165	123 30.300 W	48 35.500 N	13.6	4.6	24.0	9.9	NAN	0.7	0.0	473340.0	376.8450185	41.98545208	7.434196369	1.885311689	155.2181117	4.85252246	41.6	6.2	0.0	2.6	165	9.2572	33.86047	1.4133	89.8806	1.74E+00	0.31194	13.60249397	31.278	24.1681	165m
SI030_185m_plate9_02-11-09_8713	SI030_185m	30	2009	2	11	185	123 30.300 W	48 35.500 N	6.5	4.9	38.7	5.0	NAN	0.9	0.0	1111470.0	389.3721121	23.99830789	8.20785342	3.108405584	146.3244206	4.089702343	317.6	18.5	0.0	0.7	185	9.2561	33.90923	0.7695	89.7842	1.76E+00	0.14825	6.464395636	31.3204	24.2017	185m
SI030_200m_plate9_02-11-09_8713	SI030_200m	30	2009	2	11	200	123 30.300 W	48 35.500 N	7.4	5.3	41.9	0.0	NAN	0.3	6.0	1932000.0	374.9347391	29.02060697	4.637562398	1.609723583	143.7872854	2.807582957	543.0	3.8	0.0	0.6	200	9.2566	33.924265	1.1742	87.5126	1.81E+00	0.17028	7.424956986	31.3289	24.2086	200m
SI030_20m_plate9_02-11-09_8713	SI030_20m	30	2009	2	11	20	123 30.300 W	48 35.500 N	179.9	2.5	27.0	29.9	NAN	0.1	0.0	304115.0	391.8679707	31.15203697	218.9961372	10.38362942	84.50262424	2.331811458	6.0	0.2	11.4	0.4	20	7.953	31.330926	37.8477	91.0726	5.24E+00	4.12117	179.8730024	29.8385	23.23	20m
SI030_40m_plate9_02-11-09_8713	SI030_40m	30	2009	2	11	40	123 30.300 W	48 35.500 N	155.4	1.9	19.3	19.2	NAN	0.1	0.0	201420.0	352.9976309	88.16001842	203.6594497	23.3674863	82.78591083	0.147364418	20.0	0.4	13.8	0.4	40	7.5359	31.323622	38.9368	88.1607	1.68E+00	3.56231	155.431498	30.181	23.5555	40m
SI030_60m_plate9_02-11-09_8713	SI030_60m	30	2009	2	11	60	123 30.300 W	48 35.500 N	144.9	2.2	25.5	23.2	NAN	0.0	0.0	268592.7	393.9143223	67.76132803	200.3562116	4.143885413	83.37758806	0.278559892	8.8	9.9	15.5	2.0	60	7.687	31.453397	19.0721	87.3537	1.53E+00	3.32128	144.9178535	30.1793	23.5341	60m
SI031_10m_plate9_03-11-09_8713	SI031_10m	31	2009	3	11	10	123 30.300 W	48 35.500 N	223.7	1.9	22.4	20.1	0.8	0.2	NAN	395890.0	320.8943095	44.51624675	258.83557	1.487093514	65.04536052	4.238280417	8.0	1.1	14.7	1.8	10	7.3367	30.80667	1.6174	90.662	4.77E+00	5.12578	223.7064072	29.8144	23.2936	10m
SI031_120m_plate9_03-11-09_8713	SI031_120m	31	2009	3	11	120	123 30.300 W	48 35.500 N	22.0	3.2	42.2	13.5	0.0	0.1	NAN	274945.0	329.0477778	22.54238324	16.08975385	1.362919413	156.0217847	5.259966116	0.0	2.4	12.9	0.3	120	8.8768	33.34215	0.4198	86.8004	1.89E+00	0.50547	22.04340779	31.0964	24.0835	120m
SI031_135m_plate9_03-11-09_8713	SI031_135m	31	2009	3	11	135	123 30.300 W	48 35.500 N	4.0	3.7	79.2	12.6	0.0	0.1	NAN	385935.0	387.4835388	10.46200056	5.60234924	2.052656787	155.4946049	2.731613228	0.0	0.6	7.2	1.7	135	9.1774	33.738741	0.3813	89.5979	1.92E+00	0.09194	4.009229926	31.2357	24.1469	135m
SI031_150m_plate9_03-11-09_8713	SI031_150m	31	2009	3	11	150	123 30.300 W	48 35.500 N	3.0	4.0	71.6	8.8	0.0	0.9	NAN	382506.7	331.4100672	6.180618156	5.197904108	1.128036768	154.5081139	10.48210893	58.5	3.9	7.6	2.7	150	9.2496	33.855513	0.3947	91.911	1.99E+00	0.06812	2.970428497	31.2859	24.1752	150m
SI031_165m_plate9_03-11-09_8713	SI031_165m	31	2009	3	11	165	123 30.300 W	48 35.500 N	2.9	4.8	75.9	5.8	0.0	1.0	NAN	716100.0	360.1305208	22.27775706	2.123381621	0.886986124	158.7193101	4.309020008	203.9	7.0	2.7	2.0	165	9.247	33.876435	0.4017	91.7844	2.00E+00	0.06624	2.888409507	31.3033	24.1894	165m
SI031_185m_plate9_03-11-09_8713	SI031_185m	31	2009	3	11	185	123 30.300 W	48 35.500 N	2.9	5.0	38.9	0.2	1.3	0.1	NAN	652648.3	289.0304236	62.69260941	3.982402369	1.286083217	144.9901732	5.156091217	423.8	11.8	0.0	2.3	185	9.2602	33.915682	0.3946	91.6478	2.02E+00	0.06581	2.869620038	31.3234	24.2034	185m
SI031_200m_plate9_03-11-09_8713	SI031_200m	31	2009	3	11	200	123 30.300 W	48 35.500 N	2.8	5.2	47.1	0.0	1.0	0.0	NAN	1033431.7	371.9696531	7.730891977	3.249324777	0.246733228	152.5188113	2.639856298	633.8	9.9	0.0	0.0	200	9.2604	33.933716	0.425	89.2273	5.45E+01	0.06507	2.837326025	31.3353	24.213	200m
SI031_20m_plate9_03-11-09_8713	SI031_20m	31	2009	3	11	20	123 30.300 W	48 35.500 N	191.1	2.3	32.5	27.7	1.3	0.3	NAN	202748.3	324.003515	9.873724037	243.3817132	3.038014251	79.89597457	2.516949062	13.2	1.1	12.7	0.8	20	7.4182	31.064749	0.6602	92.5039	2.19E+00	4.37913	191.0925454	30.0156	23.441	20m
SI031_40m_plate9_03-11-09_8713	SI031_40m	31	2009	3	11	40	123 30.300 W	48 35.500 N	190.5	2.2	29.4	28.2	0.0	0.1	NAN	223245.0	331.1703402	41.20573631	217.4409731	8.610926103	79.47309947	1.987491437	1.5	0.5	15.7	3.2	40	7.4542	31.272821	0.6569	90.7699	1.75E+00	4.36539	190.4671775	30.1978	23.5796	40m
SI031_60m_plate9_03-11-09_8713	SI031_60m	31	2009	3	11	60	123 30.300 W	48 35.500 N	179.8	2.2	35.3	30.4	0.1	0.1	NAN	NAN	341.2323662	41.63026366	196.6604118	1.086529435	91.6189754	6.6343111	3.0	3.2	18.0	0.1	60	7.4902	31.487305	0.5314	89.2318	1.76E+00	4.12198	179.821646	30.3867	23.7234	60m
SI031_75m_plate9_03-11-09_8713	SI031_75m	31	2009	3	11	75	123 30.300 W	48 35.500 N	160.8	2.3	29.1	28.4	0.2	0.1	NAN	365255.0	282.3893672	73.19399381	208.9010708	3.336208923	79.10249223	5.987891308	0.0	3.1	13.8	0.3	75	7.5079	31.643933	0.4595	86.7885	1.78E+00	3.68666	160.8132203	30.5318	23.8352	75m
SI032_10m_plate9_04-08-09_8713	SI032_10m	32	2009	4	8	10	123 30.300 W	48 35.500 N	251.4	1.3	15.2	15.6	0.3	0.1	0.0	803708.3	461.1645249	3.596102637	390.0967801	0.312779254	40.01166209	0.118927049	18.1	4.6	12.6	2.0	10	7.298	30.897879	38.5252	51.9277	2.46E+01	5.76003	251.3606973	29.9454	23.4016	10m
SI032_120m_plate9_04-08-09_8713	SI032_120m	32	2009	4	8	120	123 30.300 W	48 35.500 N	31.0	4.1	23.0	21.7	0.0	0.0	0.0	290416.7	443.3999831	34.10829473	24.09825881	0.522814266	145.8615246	9.143901287	9.7	0.7	13.5	1.7	120	8.5228	32.923056	0.2743	82.189	2.05E+00	0.71083	31.00048133	30.9711	24.0379	120m
SI032_135m_plate9_04-08-09_8713	SI032_135m	32	2009	4	8	135	123 30.300 W	48 35.500 N	3.9	4.5	22.4	14.6	0.0	0.0	0.0	281729.2	489.1381226	16.76628962	5.577670796	2.873248994	172.453665	3.611365433	0.0	1.5	10.6	0.3	135	9.1192	33.664622	0.21	87.9797	2.06E+00	0.08916	3.888043396	31.2104	24.1361	135m
SI032_150m_plate9_04-08-09_8713	SI032_150m	32	2009	4	8	150	123 30.300 W	48 35.500 N	2.9	4.4	28.3	7.5	0.0	0.7	0.0	570875.0	437.5261627	21.91591701	3.7828052	0.167634312	155.9179128	3.784452581	124.2	8.0	6.2	1.2	150	9.2092	33.810932	0.2206	90.954	2.06E+00	0.067	2.921595113	31.2756	24.1734	150m
SI032_165m_plate9_04-08-09_8713	SI032_165m	32	2009	4	8	165	123 30.300 W	48 35.500 N	2.8	4.9	35.5	0.0	0.6	0.0	0.0	643458.3	486.3144151	10.67061603	2.439629976	0.17741587	155.061292	1.036062064	516.7	5.0	0.0	0.9	165	9.2351	33.863367	0.2416	88.4195	2.07E+00	0.06415	2.797275971	31.3003	24.1889	165m
SI032_185m_plate9_04-08-09_8713	SI032_185m	32	2009	4	8	185	123 30.300 W	48 35.500 N	2.7	5.1	33.1	0.0	1.3	0.0	0.0	711583.3	538.2384824	39.42042991	11.99259402	8.72186811	159.1194616	1.722877746	700.8	2.1	0.0	0.0	185	9.25	33.898279	0.2453	89.2675	2.08E+00	0.0624	2.720942365	31.3145	24.1981	185m
SI032_20m_plate9_04-08-09_8713	SI032_20m	32	2009	4	8	20	123 30.300 W	48 35.500 N	245.5	2.0	22.1	21.4	1.8	0.2	0.0	251343.8	483.2256562	9.899450886	308.9311314	9.263023069	67.79559351	4.473901362	33.8	0.2	13.3	0.4	20	7.2917	31.002657	0.8982	90.5704	4.77E+00	5.62701	245.5342976	30.0588	23.4915	20m
SI032_40m_plate9_04-08-09_8713	SI032_40m	32	2009	4	8	40	123 30.300 W	48 35.500 N	226.4	2.2	20.8	24.7	1.4	0.3	0.0	246895.8	523.0052886	165.8750688	267.8063683	37.49735841	72.03629846	5.58764986	20.1	3.4	13.7	3.4	40	7.2687	31.049467	0.4732	91.5129	2.18E+00	5.18817	226.3741457	30.1202	23.543	40m
SI032_60m_plate9_04-08-09_8713	SI032_60m	32	2009	4	8	60	123 30.300 W	48 35.500 N	178.3	2.1	15.5	30.1	0.0	0.0	0.0	208541.7	472.7613938	48.75636247	223.2258273	18.58379547	95.18036008	4.978097483	1.1	3.7	15.5	0.9	60	7.4436	31.411926	0.1423	91.428	2.04E+00	4.08713	178.3056842	30.3469	23.6983	60m
SI032_75m_plate9_04-08-09_8713	SI032_75m	32	2009	4	8	75	123 30.300 W	48 35.500 N	144.2	2.6	18.8	29.8	0.0	0.0	0.0	237145.8	626.5548195	224.5001113	247.3604547	109.9024732	95.40167388	1.780708645	0.0	3.3	14.8	0.3	75	7.6157	31.735264	0.2303	88.888	2.04E+00	3.30588	144.2052426	30.5345	23.8227	75m
SI032_85m_plate9_04-08-09_8713	SI032_85m	32	2009	4	8	85	123 30.300 W	48 35.500 N	139.7	2.6	20.5	28.6	0.0	0.0	0.0	192718.8	503.7117844	11.6407454	164.8231316	1.132833614	109.7697041	2.908345112	0.0	1.2	16.2	3.0	85	7.6601	31.875552	0.2303	87.6051	2.03E+00	3.20248	139.6842883	30.6405	23.9001	85m
SI032_90m_plate9_04-08-09_8713	SI032_90m	32	2009	4	8	90	123 30.300 W	48 35.500 N	142.2	2.4	28.3	29.2	0.0	0.0	0.0	224666.7	471.8165481	58.05395471	178.1498025	8.587391107	108.0596924	8.198437831	0.0	4.6	15.0	0.3	90	7.597	31.838308	0.217	87.1382	2.03E+00	3.26035	142.2057408	30.6542	23.9195	90m
SI032_97m_plate9_04-08-09_8713	SI032_97m	32	2009	4	8	97	123 30.300 W	48 35.500 N	135.0	2.6	25.7	28.8	0.0	0.0	0.0	254916.7	492.1513931	39.81789398	134.0745194	16.22487136	111.1906869	0.554658398	0.0	2.3	15.4	0.7	97	7.6572	31.921853	0.2248	86.3514	2.03E+00	3.09444	134.9669593	30.687	23.9372	97m
SI033_100m_plate12_05-13-09_9407	SI033_100m	33	2009	5	13	100	123 30.300 W	48 35.500 N	NAN	2.8	24.3	25.4	0.0	0.3	0.0	192373.3	481.1618889	73.68302379	145.5985979	25.08013957	107.3073181	1.28078989	0.0	2.0	14.9	3.7	100	7.9932	32.237401	0.9669	85.9455	1.85E+00	2.3098	100.7457786	30.7248	23.9205	100m
SI033_10m_plate12_05-13-09_9407	SI033_10m	33	2009	5	13	10	123 30.300 W	48 35.500 N	NAN	1.5	17.7	13.5	2.0	0.2	0.0	438200.0	508.5322922	5.442812019	291.4163535	9.950980694	48.63775566	0.218300428	45.8	3.3	9.5	0.6	10	8.1404	31.74591	41.0142	78.5173	1.22E+01	5.96514	260.3058777	30.1188	23.4235	10m
SI033_110m_plate12_05-13-09_9407	SI033_110m	33	2009	5	13	110	123 30.300 W	48 35.500 N	NAN	3.3	25.2	26.7	0.0	0.2	0.0	211480.0	519.63787	60.85658968	93.37041288	0.415184814	121.0872842	10.95072876	0.0	0.6	17.6	0.3	110	8.1319	32.357622	0.38	86.6728	1.87E+00	1.77721	77.51740094	30.7256	23.9017	110m
SI033_120m_plate12_05-13-09_9407	SI033_120m	33	2009	5	13	120	123 30.300 W	48 35.500 N	NAN	3.4	52.3	24.1	0.0	0.1	0.0	191653.3	465.0572485	48.82478984	59.22651456	6.921471675	115.8137482	7.717661172	0.0	1.2	13.7	5.3	120	8.2873	32.526199	0.4446	85.5696	1.88E+00	1.73858	75.83194711	30.7624	23.9086	120m
SI033_135m_plate12_05-13-09_9407	SI033_135m	33	2009	5	13	135	123 30.300 W	48 35.500 N	NAN	4.2	38.5	18.5	0.0	0.0	0.0	242960.0	595.5656423	81.56306419	39.16850975	9.180328087	137.2749648	6.726042286	0.0	3.4	13.3	0.1	135	8.7075	32.896365	0.5877	85.4963	1.89E+00	1.58956	69.33553546	30.7759	23.8581	135m
SI033_150m_plate12_05-13-09_9407	SI033_150m	33	2009	5	13	150	123 30.300 W	48 35.500 N	NAN	4.7	51.9	10.8	0.0	0.0	0.0	276053.3	540.9960306	75.19770202	16.01283422	1.215371335	152.8197448	25.07854637	0.0	5.6	6.6	0.8	150	9.1506	33.398067	0.4715	87.965	4.05E-01	1.24275	54.20616997	30.9029	23.8911	150m
SI033_165m_plate12_05-13-09_9407	SI033_165m	33	2009	5	13	165	123 30.300 W	48 35.500 N	NAN	5.1	53.4	0.2	0.7	0.0	0.0	434600.0	419.3650812	53.85049883	10.42053139	1.654979579	141.002422	13.07726779	467.4	26.9	0.0	0.8	165	9.2054	33.662925	0.3272	88.5752	6.51E-01	0.89784	39.15571418	31.1207	24.0532	165m
SI033_185m_plate12_05-13-09_9407	SI033_185m	33	2009	5	13	185	123 30.300 W	48 35.500 N	NAN	5.5	59.3	0.0	2.9	0.0	6.1	457973.3	472.3565685	45.12799056	7.661018525	2.916734363	149.714512	7.05131864	954.8	4.7	0.0	0.3	185	9.2426	33.821342	0.3077	88.6714	6.06E+01	0.44021	19.19632743	31.2421	24.1427	185m
SI033_200m_plate12_05-13-09_9407	SI033_200m	33	2009	5	13	200	123 30.300 W	48 35.500 N	NAN	5.2	55.8	0.0	4.3	0.0	9.8	385386.7	567.6898998	24.13851155	5.879875769	0.123479085	155.2682953	6.186870783	1089.1	7.2	0.0	0.2	200	9.2528	33.875737	0.3253	90.46	2.72E+02	0.29858	13.01985514	31.2825	24.1729	200m
SI033_20m_plate12_05-13-09_9407	SI033_20m	33	2009	5	13	20	123 30.300 W	48 35.500 N	NAN	1.8	15.4	12.9	4.0	0.3	0.0	271600.0	471.336963	77.6495463	273.6760231	15.32498975	65.05143316	4.712018223	42.7	4.5	12.2	1.9	20	7.7207	31.438073	2.0118	91.9515	3.04E+00	4.22558	184.380178	30.1513	23.507	20m
SI033_40m_plate12_05-13-09_9407	SI033_40m	33	2009	5	13	40	123 30.300 W	48 35.500 N	NAN	2.4	17.9	24.4	2.2	0.2	0.0	172280.0	529.4188863	61.77310958	231.4624861	14.93905822	71.6498991	1.639047467	62.5	1.7	11.8	1.0	40	7.8179	31.555047	1.9934	91.3889	1.84E+00	3.31004	144.4296184	30.1824	23.5185	40m
SI033_60m_plate12_05-13-09_9407	SI033_60m	33	2009	5	13	60	123 30.300 W	48 35.500 N	NAN	2.5	22.4	25.3	1.4	0.3	0.0	176453.3	494.0904503	72.9991655	202.4214827	16.57473739	78.09674631	2.856637049	52.6	2.9	16.4	1.8	60	7.8632	31.916311	0.8055	89.8335	1.79E+00	3.14826	137.3361521	30.5167	23.7748	60m
SI033_75m_plate12_05-13-09_9407	SI033_75m	33	2009	5	13	75	123 30.300 W	48 35.500 N	NAN	2.8	21.2	27.6	0.2	0.3	0.0	163680.0	554.1465611	6.080821271	193.9668106	2.028404974	91.87316992	0.844197747	19.7	0.6	16.7	0.4	75	7.8899	32.134545	1.2216	88.3704	1.83E+00	3.03699	132.4622834	30.7177	23.929	75m
SI033_90m_plate12_05-13-09_9407	SI033_90m	33	2009	5	13	90	123 30.300 W	48 35.500 N	NAN	3.1	27.2	28.6	0.0	0.2	0.0	174826.7	520.5941815	20.31027767	118.9135073	1.615366639	108.9764337	3.743313608	3.2	4.1	17.3	0.9	90	7.9224	32.186223	0.4583	88.831	1.84E+00	2.77417	120.9977462	30.7373	23.94	90m
SI033_97m_plate12_05-13-09_9407	SI033_97m	33	2009	5	13	97	123 30.300 W	48 35.500 N	NAN	3.1	30.5	28.7	0.0	0.1	0.0	167680.0	526.0624882	9.204963936	140.3603137	1.674011339	103.6135225	16.19265069	0.0	2.8	9.4	10.3	97	7.9581	32.234671	1.3704	89.6419	1.85E+00	2.6914	117.3867118	30.7541	23.9483	97m
SI034_100m_plate7_06-16-09_8140	SI034_100m	34	2009	6	16	100	123 30.300 W	48 35.500 N	53.0	3.0	25.0	25.2	0.0	0.2	0.0	202417.5	NAN	NAN	NAN	NAN	NAN	NAN	6.83437891	0.701212944	20.55350046	4.424466142	100	8.1994	32.52907	0.325	86.3765	2.98E+00	1.21437	52.96315688	30.8511	23.9904	100m
SI034_10m_plate7_06-16-09_8140	SI034_10m	34	2009	6	16	10	123 30.300 W	48 35.500 N	253.7	1.1	13.3	5.0	2.0	0.2	0.0	165433.8	NAN	NAN	NAN	NAN	NAN	NAN	57.77343041	9.320790618	18.64720936	8.926439008	10	10.221	33.062368	2.2488	88.2189	2.18E+02	5.80952	253.6701683	29.7203	22.7973	10m
SI034_110m_plate7_06-16-09_8140	SI034_110m	34	2009	6	16	110	123 30.300 W	48 35.500 N	37.2	3.3	28.0	28.7	0.0	0.0	0.0	182998.9	NAN	NAN	NAN	NAN	NAN	NAN	7.053463778	3.384488724	22.83443832	6.952645351	110	8.27	32.648252	0.2649	85.7166	2.91E+00	0.85393	37.24172548	30.9098	24.0265	110m
SI034_120m_plate7_06-16-09_8140	SI034_120m	34	2009	6	16	120	123 30.300 W	48 35.500 N	17.7	3.6	26.6	20.0	0.0	0.0	0.0	155967.2	NAN	NAN	NAN	NAN	NAN	NAN	4.622657131	0	15.64769138	0	120	8.4905	32.9322	0.311	88.1125	2.85E+00	0.40605	17.70792258	31.0089	24.0723	120m
SI034_135m_plate7_06-16-09_8140	SI034_135m	34	2009	6	16	135	123 30.300 W	48 35.500 N	11.2	4.4	34.4	19.2	0.0	0.0	0.0	270592.5	NAN	NAN	NAN	NAN	NAN	NAN	5.402271465	0.14699425	12.41534554	1.041177333	135	8.7033	33.198664	0.2344	88.2925	2.85E+00	0.25588	11.15859933	31.0931	24.1071	135m
SI034_150m_plate7_06-16-09_8140	SI034_150m	34	2009	6	16	150	123 30.300 W	48 35.500 N	2.8	3.9	41.9	3.8	0.0	0.4	0.0	467217.5	NAN	NAN	NAN	NAN	NAN	NAN	108.8469352	5.31958924	7.425296219	0.478912868	150	9.0909	33.676125	0.316	88.6974	2.80E+00	0.0648	2.825687522	31.2406	24.1642	150m
SI034_165m_plate7_06-16-09_8140	SI034_165m	34	2009	6	16	165	123 30.300 W	48 35.500 N	2.7	5.3	37.6	0.0	0.7	0.0	0.0	506562.4	NAN	NAN	NAN	NAN	NAN	NAN	473.4005887	73.96592881	1.556354979	0.007380955	165	9.1975	33.819016	0.3374	89.6691	9.98E+03	0.06291	2.743216191	31.2877	24.1849	165m
SI034_185m_plate7_06-16-09_8140	SI034_185m	34	2009	6	16	185	123 30.300 W	48 35.500 N	2.7	5.5	43.3	0.0	2.9	0.0	1.9	391617.1	NAN	NAN	NAN	NAN	NAN	NAN	589.935591	35.68621252	1.107480448	1.0669654	185	9.2261	33.866229	0.3515	90.974	8.72E-02	0.06145	2.679532674	31.3026	24.1924	185m
SI034_200m_plate7_06-16-09_8140	SI034_200m	34	2009	6	16	200	123 30.300 W	48 35.500 N	2.6	5.8	39.5	0.0	4.3	0.0	3.9	233597.7	NAN	NAN	NAN	NAN	NAN	NAN	637.649355	244.4554527	1.840959203	0.515257326	200	9.2348	33.885374	0.3688	91.0383	8.72E-02	0.05953	2.595802287	31.3082	24.1958	200m
SI034_20m_plate7_06-16-09_8140	SI034_20m	34	2009	6	16	20	123 30.300 W	48 35.500 N	210.2	1.8	19.6	11.3	4.0	0.2	0.0	73614.4	NAN	NAN	NAN	NAN	NAN	NAN	50.68015023	5.62794398	14.37905903	1.451680577	20	9.1672	32.448394	0.9579	92.0245	3.71E+01	4.81517	210.1782063	29.9706	23.1579	20m
SI034_40m_plate7_06-16-09_8140	SI034_40m	34	2009	6	16	40	123 30.300 W	48 35.500 N	184.5	1.9	27.6	17.0	2.2	0.4	0.0	139902.7	NAN	NAN	NAN	NAN	NAN	NAN	52.73206215	2.129959233	15.82515886	2.368389876	40	8.7823	32.570633	0.4042	90.3294	4.91E+00	4.22817	184.483115	30.4145	23.5629	40m
SI034_60m_plate7_06-16-09_8140	SI034_60m	34	2009	6	16	60	123 30.300 W	48 35.500 N	147.8	1.9	32.2	17.8	1.4	0.2	0.0	149148.6	NAN	NAN	NAN	NAN	NAN	NAN	30.96779294	4.690051027	15.87165155	3.379669243	60	8.4958	32.532698	0.2277	88.1198	3.28E+00	3.38913	147.8455724	30.6137	23.7611	60m
SI034_75m_plate7_06-16-09_8140	SI034_75m	34	2009	6	16	75	123 30.300 W	48 35.500 N	121.3	2.2	36.5	21.2	0.2	0.2	0.0	142440.3	NAN	NAN	NAN	NAN	NAN	NAN	27.04521408	2.083109485	17.12853805	3.513881549	75	8.3918	32.570921	0.2772	85.5105	3.16E+00	2.78181	121.3388634	30.7375	23.8734	75m
SI034_85m_plate7_06-16-09_8140	SI034_85m	34	2009	6	16	85	123 30.300 W	48 35.500 N	97.8	2.6	46.6	24.3	0.0	0.2	0.0	156563.0	NAN	NAN	NAN	NAN	NAN	NAN	14.62881039	1.067792486	15.62372861	0.365841274	85	8.2143	32.457831	0.2414	85.4312	3.01E+00	2.24337	97.84796024	30.7697	23.9243	85m
SI034_90m_plate7_06-16-09_8140	SI034_90m	34	2009	6	16	90	123 30.300 W	48 35.500 N	82.2	2.9	57.5	29.1	0.0	0.1	0.0	135886.5	NAN	NAN	NAN	NAN	NAN	NAN	11.72027649	3.090049383	22.19532685	6.574185664	90	8.2094	32.476743	0.2236	84.8935	3.00E+00	1.88442	82.19037871	30.7917	23.9422	90m
SI034_97m_plate7_06-16-09_8140	SI034_97m	34	2009	6	16	97	123 30.300 W	48 35.500 N	59.7	3.3	60.2	29.8	0.0	0.0	0.0	180836.3	NAN	NAN	NAN	NAN	NAN	NAN	7.398973595	0.265993708	20.96875687	3.567607649	97	8.2037	32.526296	0.3164	85.3937	2.99E+00	1.36882	59.699577	30.8457	23.9855	97m
SI035_100m_plate9_07-13-09_8713	SI035_100m	35	2009	7	13	100	123 30.300 W	48 35.500 N	31.2	2.6	19.5	18.5	0.0	0.0	0.0	29432.7	NAN	NAN	NAN	NAN	NAN	NAN	3.264403554	0	16.31501564	0	100	8.3223	32.667698	0.3023	84.6082	2.77E+00	0.7159	31.22268097	30.8887	24.0022	100m
SI035_110m_plate9_07-13-09_8713	SI035_110m	35	2009	7	13	110	123 30.300 W	48 35.500 N	18.4	2.9	20.7	17.9	0.0	0.0	0.0	39559.3	NAN	NAN	NAN	NAN	NAN	NAN	NAN	NAN	NAN	NAN	110	8.4135	32.815371	0.2349	86.9177	2.75E+00	0.42267	18.43323173	30.9588	24.0441	110m
SI035_120m_plate9_07-13-09_8713	SI035_120m	35	2009	7	13	120	123 30.300 W	48 35.500 N	9.7	3.8	37.6	21.4	0.0	0.0	0.0	28191.3	NAN	NAN	NAN	NAN	NAN	NAN	NAN	NAN	NAN	NAN	120	8.6203	33.083703	0.294	86.9895	2.68E+00	0.22284	9.717951304	31.0529	24.0877	120m
SI035_135m_plate9_07-13-09_8713	SI035_135m	35	2009	7	13	135	123 30.300 W	48 35.500 N	3.0	4.3	38.9	11.6	0.0	0.7	0.0	68469.3	NAN	NAN	NAN	NAN	NAN	NAN	92.88675595	0	5.815084446	0	135	8.9152	33.454837	0.3159	86.8593	1.17E+03	0.06941	3.026791127	31.1727	24.1376	135m
SI035_150m_plate9_07-13-09_8713	SI035_150m	35	2009	7	13	150	123 30.300 W	48 35.500 N	2.9	4.9	61.4	0.0	7.3	0.0	4.3	157126.7	NAN	NAN	NAN	NAN	NAN	NAN	NAN	NAN	NAN	NAN	150	9.0831	33.669691	0.3693	81.2979	5.69E+02	0.06541	2.852283459	31.2408	24.1656	150m
SI035_40m_plate9_07-13-09_8713	SI035_40m	35	2009	7	13	40	123 30.300 W	48 35.500 N	165.1	1.6	27.3	13.1	5.1	0.6	0.0	19600.0	NAN	NAN	NAN	NAN	NAN	NAN	54.000555	0.410217667	13.29306851	0.162118522	40	9.6384	33.035599	0.4047	89.3133	4.32E+00	3.78295	165.1099531	30.164	23.2366	40m
SI035_60m_plate9_07-13-09_8713	SI035_60m	35	2009	7	13	60	123 30.300 W	48 35.500 N	125.5	2.2	39.6	24.4	0.8	0.3	0.0	50633.3	NAN	NAN	NAN	NAN	NAN	NAN	42.68791494	0	16.75053697	0	60	8.8483	32.738669	0.3449	87.5821	3.08E+00	2.87716	125.5267272	30.5231	23.6383	60m
SI035_75m_plate9_07-13-09_8713	SI035_75m	35	2009	7	13	75	123 30.300 W	48 35.500 N	106.3	2.1	37.5	28.0	0.7	0.2	0.0	49686.0	NAN	NAN	NAN	NAN	NAN	NAN	36.02035498	0	16.62715461	0	75	9.0555	33.222387	0.4099	78.0033	2.89E+00	2.43737	106.3170072	30.8366	23.8526	75m
SI035_85m_plate9_07-13-09_8713	SI035_85m	35	2009	7	13	85	123 30.300 W	48 35.500 N	72.1	2.5	48.9	25.2	0.0	0.1	0.0	47954.7	NAN	NAN	NAN	NAN	NAN	NAN	18.92320553	0.396086152	18.98638192	0.023764362	85	8.505	32.772155	0.3258	85.1733	2.86E+00	1.65279	72.08775565	30.8445	23.9409	85m
SI035_90m_plate9_07-13-09_8713	SI035_90m	35	2009	7	13	90	123 30.300 W	48 35.500 N	64.0	2.8	46.5	28.0	0.0	0.0	0.0	46419.3	NAN	NAN	NAN	NAN	NAN	NAN	15.84180728	0	18.91893597	0	90	8.5992	32.903345	0.3308	80.2142	2.79E+00	1.46781	64.01800466	30.8967	23.9681	90m
SI035_97m_plate9_07-13-09_8713	SI035_97m	35	2009	7	13	97	123 30.300 W	48 35.500 N	41.2	2.7	30.5	33.4	0.0	0.0	0.0	53181.3	NAN	NAN	NAN	NAN	NAN	NAN	7.439265647	0.173211987	20.49505358	1.497805863	97	8.354	32.688216	0.3162	84.0663	2.78E+00	0.94401	41.17162693	30.8837	23.9937	97m
SI036_100m_plate1to4_08-11-09_7756	SI036_100m	36	2009	8	11	100	123 30.300 W	48 35.500 N	32.4	3.4	69.3	28.3	0.0	0.0	0.0	NAN	NAN	NAN	NAN	NAN	NAN	NAN	4.830830534	0	19.46165615	0	100	8.8162	33.187262	0.279	83.8465	3.02E+00	0.74299	32.40375717	30.9976	24.015	100m
SI036_10m_plate1to4_08-11-09_7756	SI036_10m	36	2009	8	11	10	123 30.300 W	48 35.500 N	166.2	1.6	24.1	9.4	3.7	0.3	0.0	NAN	NAN	NAN	NAN	NAN	NAN	NAN	49.08320166	0	13.33724442	0	10	12.326	34.64602	1.1917	88.2102	2.67E+02	3.8045	166.2003423	29.5669	22.3142	10m
SI036_110m_plate1to4_08-11-09_7756	SI036_110m	36	2009	8	11	110	123 30.300 W	48 35.500 N	30.5	2.9	39.8	18.7	0.0	0.0	0.0	NAN	NAN	NAN	NAN	NAN	NAN	NAN	8.974457637	0	18.1483037	0	110	8.9285	33.34402	0.313	81.4852	2.94E+00	0.69952	30.50702186	31.0574	24.045	110m
SI036_120m_plate1to4_08-11-09_7756	SI036_120m	36	2009	8	11	120	123 30.300 W	48 35.500 N	17.7	3.6	60.1	20.2	0.0	0.0	0.0	NAN	NAN	NAN	NAN	NAN	NAN	NAN	5.005664793	0	16.51191604	0	120	8.7328	33.178255	0.2811	84.519	2.92E+00	0.40689	17.74458287	31.0525	24.0707	120m
SI036_135m_plate1to4_08-11-09_7756	SI036_135m	36	2009	8	11	135	123 30.300 W	48 35.500 N	16.7	4.1	61.4	15.9	0.0	0.0	0.0	NAN	NAN	NAN	NAN	NAN	NAN	NAN	9.607611359	0	13.40883362	0	135	8.9649	33.46922	0.2852	80.6201	2.99E+00	0.38407	16.74879136	31.1441	24.1077	135m
SI036_150m_plate1to4_08-11-09_7756	SI036_150m	36	2009	8	11	150	123 30.300 W	48 35.500 N	3.6	4.4	77.1	7.9	0.7	0.0	0.0	NAN	NAN	NAN	NAN	NAN	NAN	NAN	12.82412051	0	9.128064703	0	150	9.0199	33.581383	0.3162	78.8427	3.10E+00	0.08314	3.625486685	31.2051	24.1473	150m
SI036_165m_plate1to4_08-11-09_7756	SI036_165m	36	2009	8	11	165	123 30.300 W	48 35.500 N	2.7	5.2	74.0	0.0	7.1	0.0	7.3	NAN	NAN	NAN	NAN	NAN	NAN	NAN	547.414891	0	5.445198164	0	165	9.1068	33.699667	0.3307	80.7508	1.55E+02	0.06254	2.727134912	31.2445	24.1651	165m
SI036_185m_plate1to4_08-11-09_7756	SI036_185m	36	2009	8	11	185	123 30.300 W	48 35.500 N	2.7	5.5	52.9	0.0	7.8	0.0	6.9	NAN	NAN	NAN	NAN	NAN	NAN	NAN	787.6101387	0	2.533462187	0	185	9.1552	33.769772	0.3304	88.5008	2.34E+02	0.062	2.703562723	31.2656	24.1745	185m
SI036_200m_plate1to4_08-11-09_7756	SI036_200m	36	2009	8	11	200	123 30.300 W	48 35.500 N	2.6	5.9	78.6	0.0	7.2	0.0	12.7	NAN	NAN	NAN	NAN	NAN	NAN	NAN	843.6993959	0	1.706651137	0	200	9.193	33.822676	0.3314	89.3363	1.76E+02	0.05949	2.594096841	31.2804	24.1805	200m
SI036_20m_plate1to4_08-11-09_7756	SI036_20m	36	2009	8	11	20	123 30.300 W	48 35.500 N	151.9	2.0	33.3	17.0	4.1	0.5	0.0	NAN	NAN	NAN	NAN	NAN	NAN	NAN	49.21225913	0	13.17771541	0	20	11.0076	33.854202	0.3514	90.1993	7.20E+01	3.47885	151.9061877	29.856	22.7723	20m
SI036_40m_plate1to4_08-11-09_7756	SI036_40m	36	2009	8	11	40	123 30.300 W	48 35.500 N	131.5	1.5	28.8	17.6	0.0	0.0	0.0	NAN	NAN	NAN	NAN	NAN	NAN	NAN	46.84069031	0	15.08013207	0	40	9.7968	33.109274	0.3302	89.7861	6.66E+00	3.01288	131.5086391	30.1059	23.1664	40m
SI036_60m_plate1to4_08-11-09_7756	SI036_60m	36	2009	8	11	60	123 30.300 W	48 35.500 N	105.2	2.4	45.2	27.2	0.0	0.0	0.0	NAN	NAN	NAN	NAN	NAN	NAN	NAN	29.90382824	0	16.18313601	0	60	9.5302	33.34158	0.3446	87.6595	3.34E+00	2.41038	105.1696682	30.5574	23.561	60m
SI036_75m_plate1to4_08-11-09_7756	SI036_75m	36	2009	8	11	75	123 30.300 W	48 35.500 N	46.5	3.0	62.6	30.5	0.0	0.0	0.0	NAN	NAN	NAN	NAN	NAN	NAN	NAN	15.53156966	0	18.62468121	0	75	8.6898	32.866664	0.315	87.0623	3.08E+00	1.0656	46.48030864	30.7861	23.8679	75m
SI036_85m_plate1to4_08-11-09_7756	SI036_85m	36	2009	8	11	85	123 30.300 W	48 35.500 N	35.3	3.4	61.5	31.5	0.0	0.0	0.0	NAN	NAN	NAN	NAN	NAN	NAN	NAN	11.39511242	0	20.80417458	0	85	8.6234	32.897643	0.2985	86.5456	3.05E+00	0.8086	35.26759692	30.8718	23.9449	85m
SI036_90m_plate1to4_08-11-09_7756	SI036_90m	36	2009	8	11	90	123 30.300 W	48 35.500 N	32.9	3.2	57.1	28.8	0.0	0.0	0.0	NAN	NAN	NAN	NAN	NAN	NAN	NAN	11.07632944	0	20.0781187	0	90	8.6238	32.917441	0.2808	86.8648	3.04E+00	0.75398	32.88485526	30.8899	23.9591	90m
SI036_97m_plate1to4_08-11-09_7756	SI036_97m	36	2009	8	11	97	123 30.300 W	48 35.500 N	36.8	3.3	59.1	27.6	0.0	0.0	0.0	NAN	NAN	NAN	NAN	NAN	NAN	NAN	4.683572656	0	19.34896945	0	97	8.835	33.19308	0.2603	85.3971	3.03E+00	0.84367	36.79503733	30.9885	24.005	97m
SI038_100m_plate14_10-14-09_9407	SI038_100m	38	2009	10	14	100	123 30.300 W	48 35.500 N	13.2	3.8	76.1	25.6	7.3	0.0	0.0	354021.2	NAN	NAN	NAN	NAN	NAN	NAN	12.04060439	1.323413049	19.87513848	0.593306941	100	9.2959	33.785563	0.1715	85.4991	2.30E+00	0.30174	13.15863401	31.1952	24.0963	100m
SI038_110m_plate14_10-14-09_9407	SI038_110m	38	2009	10	14	110	123 30.300 W	48 35.500 N	11.7	3.8	68.6	20.9	5.5	0.0	0.0	319831.8	NAN	NAN	NAN	NAN	NAN	NAN	11.96340991	0.234893804	18.6129321	1.807199781	110	9.2542	33.76889	0.1721	86.7035	5.29E+01	0.26735	11.65870483	31.2101	24.1147	110m
SI038_120m_plate14_10-14-09_9407	SI038_120m	38	2009	10	14	120	123 30.300 W	48 35.500 N	11.0	3.9	72.2	20.6	3.3	0.0	0.0	349873.8	NAN	NAN	NAN	NAN	NAN	NAN	11.4667703	1.661126069	18.13464722	1.707294657	120	9.2271	33.756608	0.1687	86.7617	3.92E+01	0.25268	11.01886636	31.217	24.1243	120m
SI038_135m_plate14_10-14-09_9407	SI038_135m	38	2009	10	14	135	123 30.300 W	48 35.500 N	6.5	3.2	58.9	6.8	1.3	0.5	0.0	678069.3	NAN	NAN	NAN	NAN	NAN	NAN	8.486437036	0.519258057	16.8992569	0.094121354	135	9.2591	33.827288	0.2512	80.9603	4.06E+00	0.14819	6.462109337	31.2551	24.1494	135m
SI038_150m_plate14_10-14-09_9407	SI038_150m	38	2009	10	14	150	123 30.300 W	48 35.500 N	4.9	3.7	69.9	1.5	1.5	0.2	0.0	910781.7	NAN	NAN	NAN	NAN	NAN	NAN	52.72074191	4.734747518	10.87614132	0.666086674	150	9.2615	33.851266	0.2138	81.5105	8.72E-02	0.11343	4.946272942	31.2711	24.1618	150m
SI038_165m_plate14_10-14-09_9407	SI038_165m	38	2009	10	14	165	123 30.300 W	48 35.500 N	3.2	3.9	77.0	0.0	9.4	0.0	0.0	1039189.1	NAN	NAN	NAN	NAN	NAN	NAN	151.7697839	47.6288375	3.11152461	0.539864939	165	9.2907	33.897828	0.299	81.1448	8.72E-02	0.07244	3.158821988	31.2869	24.1699	165m
SI038_185m_plate14_10-14-09_9407	SI038_185m	38	2009	10	14	185	123 30.300 W	48 35.500 N	2.7	5.1	103.2	0.0	10.1	0.0	3.8	949075.0	NAN	NAN	NAN	NAN	NAN	NAN	246.7159109	34.2765973	3.855028858	0.2983464	185	9.2691	33.891629	0.3339	71.5263	8.72E-02	0.06247	2.724051355	31.291	24.1768	185m
SI038_200m_plate14_10-14-09_9407	SI038_200m	38	2009	10	14	200	123 30.300 W	48 35.500 N	2.6	4.6	87.5	0.0	11.1	0.0	6.0	1273275.9	NAN	NAN	NAN	NAN	NAN	NAN	270.6754349	42.21494575	4.831449904	0.417119692	200	9.2805	33.914756	0.3514	74.4165	8.72E-02	0.05897	2.571420928	31.2983	24.1809	200m
SI038_85m_plate14_10-14-09_9407	SI038_85m	38	2009	10	14	85	123 30.300 W	48 35.500 N	13.9	4.0	77.8	24.8	9.7	0.0	0.0	390034.2	NAN	NAN	NAN	NAN	NAN	NAN	16.11984549	6.4477591	21.77517153	1.383983653	85	9.2045	33.625506	0.1712	87.2604	2.29E+00	0.31866	13.89714049	31.1171	24.0492	85m
SI038_90m_plate14_10-14-09_9407	SI038_90m	38	2009	10	14	90	123 30.300 W	48 35.500 N	12.9	3.1	62.0	20.6	3.3	0.0	0.0	295000.0	NAN	NAN	NAN	NAN	NAN	NAN	11.84304987	4.221918822	20.65316155	2.237028494	90	9.2635	33.717374	0.1746	86.9712	2.29E+00	0.29481	12.85672746	31.1578	24.072	90m
SI038_97m_plate14_10-14-09_9407	SI038_97m	38	2009	10	14	97	123 30.300 W	48 35.500 N	16.5	3.7	74.9	24.8	2.6	0.0	0.0	377790.0	NAN	NAN	NAN	NAN	NAN	NAN	12.13652215	0.88943945	19.8552764	0.116090824	97	9.3503	33.834525	0.1721	86.272	2.29E+00	0.37857	16.50921437	31.1992	24.0909	97m
SI044_10m_plate10_04-07-10_8715	SI044_10m	44	2010	4	7	10	123 30.300 W	48 35.500 N	NAN	1.9	43.6	24.0	0.1	0.1	0.0	35196.0	NAN	NAN	NAN	NAN	NAN	NAN	611.9777388	16.85902792	4.390683756	1.203365216	NAN	NAN	NAN	NAN	NAN	NAN	NAN	NAN	NAN	NAN	NAN
SI044_120m_plate10_04-07-10_8715	SI044_120m	44	2010	4	7	120	123 30.300 W	48 35.500 N	NAN	4.1	88.2	23.0	0.0	0.1	0.0	44548.6	NAN	NAN	NAN	NAN	NAN	NAN	31.06096218	23.05015949	30.09999183	5.030192705	NAN	NAN	NAN	NAN	NAN	NAN	NAN	NAN	NAN	NAN	NAN
SI044_135m_plate10_04-07-10_8715	SI044_135m	44	2010	4	7	135	123 30.300 W	48 35.500 N	NAN	4.5	94.0	13.2	0.0	0.7	0.0	20370.0	NAN	NAN	NAN	NAN	NAN	NAN	17.27381299	10.09920734	23.85306748	3.052450329	NAN	NAN	NAN	NAN	NAN	NAN	NAN	NAN	NAN	NAN	NAN
SI044_150m_plate10_04-07-10_8715	SI044_150m	44	2010	4	7	150	123 30.300 W	48 35.500 N	NAN	5.0	102.4	0.0	1.4	0.1	1.6	31496.0	NAN	NAN	NAN	NAN	NAN	NAN	64.88751378	19.98782625	22.09560561	4.426755219	NAN	NAN	NAN	NAN	NAN	NAN	NAN	NAN	NAN	NAN	NAN
SI044_165m_plate10_04-07-10_8715	SI044_165m	44	2010	4	7	165	123 30.300 W	48 35.500 N	NAN	5.3	109.8	0.0	4.3	0.0	7.3	32851.4	NAN	NAN	NAN	NAN	NAN	NAN	380.9192932	35.25957341	4.11854773	0.2129168	NAN	NAN	NAN	NAN	NAN	NAN	NAN	NAN	NAN	NAN	NAN
SI044_185m_plate10_04-07-10_8715	SI044_185m	44	2010	4	7	185	123 30.300 W	48 35.500 N	NAN	5.7	115.7	0.0	6.7	0.0	11.0	30411.3	NAN	NAN	NAN	NAN	NAN	NAN	432.5820432	37.14359721	4.166948321	1.294720524	NAN	NAN	NAN	NAN	NAN	NAN	NAN	NAN	NAN	NAN	NAN
SI044_200m_plate10_04-07-10_8715	SI044_200m	44	2010	4	7	200	123 30.300 W	48 35.500 N	NAN	5.7	117.5	0.0	7.7	0.0	8.7	29206.2	NAN	NAN	NAN	NAN	NAN	NAN	656.1766599	8.038619502	3.635734806	0.916631669	NAN	NAN	NAN	NAN	NAN	NAN	NAN	NAN	NAN	NAN	NAN
SI044_20m_plate10_04-07-10_8715	SI044_20m	44	2010	4	7	20	123 30.300 W	48 35.500 N	NAN	2.4	57.1	28.8	0.0	0.1	0.0	33319.2	NAN	NAN	NAN	NAN	NAN	NAN	46.09181916	23.03378841	9.965215039	5.553018851	NAN	NAN	NAN	NAN	NAN	NAN	NAN	NAN	NAN	NAN	NAN
SI044_40m_plate10_04-07-10_8715	SI044_40m	44	2010	4	7	40	123 30.300 W	48 35.500 N	NAN	2.3	52.7	27.7	0.0	0.1	0.0	27924.2	NAN	NAN	NAN	NAN	NAN	NAN	48.00327591	13.16391157	18.01178145	3.418470503	NAN	NAN	NAN	NAN	NAN	NAN	NAN	NAN	NAN	NAN	NAN
SI044_60m_plate10_04-07-10_8715	SI044_60m	44	2010	4	7	60	123 30.300 W	48 35.500 N	NAN	2.2	48.1	25.8	0.1	0.2	0.0	42756.5	NAN	NAN	NAN	NAN	NAN	NAN	32.913393	5.280442643	12.44877166	0.198442528	NAN	NAN	NAN	NAN	NAN	NAN	NAN	NAN	NAN	NAN	NAN
SI046_10m_plate10_06-16-10_8715	SI046_10m	46	2010	6	16	10	123 30.300 W	48 35.500 N	324.9	0.8	16.1	5.1	0.0	0.3	0.0		NAN	NAN	NAN	NAN	NAN	NAN	928.4872278	607.082001	3.697242671	0.326182799	10	11.2309	33.254353	1.9462	86.0767	8.82E+01	7.43594	324.8944869	29.0973	22.1444	10m
SI046_110m_plate10_06-16-10_8715	SI046_110m	46	2010	6	16	110	123 30.300 W	48 35.500 N	13.2	4.2	78.2	19.8	0.0	0.0	0.0		NAN	NAN	NAN	NAN	NAN	NAN	69.07744301	2.111139618	25.67027081	2.410987573	110	9.0868	33.284204	0.3335	82.8992	2.36E+00	0.303	13.21656406	30.8581	23.8652	110m
SI046_120m_plate10_06-16-10_8715	SI046_120m	46	2010	6	16	120	123 30.300 W	48 35.500 N	3.5	4.6	92.5	6.1	0.0	1.3	0.0		NAN	NAN	NAN	NAN	NAN	NAN	30.25844859	7.317633968	25.39408032	7.498898887	120	9.2203	33.614387	0.1892	87.1147	2.36E+00	0.08049	3.510378158	31.0771	24.016	120m
SI046_135m_plate10_06-16-10_8715	SI046_135m	46	2010	6	16	135	123 30.300 W	48 35.500 N	3.0	5.0	99.3	0.0	0.8	0.0	2.2		NAN	NAN	NAN	NAN	NAN	NAN	83.20859612	18.25670855	18.92823799	3.109945383	135	9.2822	33.800277	0.0936	86.9408	2.37E+00	0.06791	2.961464431	31.2072	24.1084	135m
SI046_150m_plate10_06-16-10_8715	SI046_150m	46	2010	6	16	150	123 30.300 W	48 35.500 N	2.9	5.0	95.3	0.0	2.4	0.0	4.7		NAN	NAN	NAN	NAN	NAN	NAN	416.5467007	95.5698722	8.658831674	8.054115945	150	9.2584	33.819789	0.0762	88.1575	2.37E+00	0.06683	2.914279142	31.2416	24.1393	150m
SI046_165m_plate10_06-16-10_8715	SI046_165m	46	2010	6	16	165	123 30.300 W	48 35.500 N	2.8	6.0	119.7	0.0	6.8	0.0	6.7		NAN	NAN	NAN	NAN	NAN	NAN	567.5195084	82.54267866	3.771379444	2.408121387	165	9.2692	33.852904	0.0768	89.3509	2.36E+00	0.06475	2.823540842	31.2597	24.152	165m
SI046_185m_plate10_06-16-10_8715	SI046_185m	46	2010	6	16	185	123 30.300 W	48 35.500 N	2.7	5.5	110.7	0.0	7.5	0.0	19.2		NAN	NAN	NAN	NAN	NAN	NAN	1091.745645	1.029646666	11.1163527	4.620278189	185	9.2606	33.861227	0.3578	89.107	2.37E+00	0.06292	2.74372029	31.2672	24.1595	185m
SI046_200m_plate10_06-16-10_8715	SI046_200m	46	2010	6	16	200	123 30.300 W	48 35.500 N	2.7	6.5	129.1	0.0	8.7	0.0	20.0		NAN	NAN	NAN	NAN	NAN	NAN	1428.230795	271.3671156	11.87889506	10.03277678	200	9.2584	33.86944	0.2804	89.2096	2.36E+00	0.06252	2.726267845	31.2712	24.1632	200m
SI046_20m_plate10_06-16-10_8715	SI046_20m	46	2010	6	16	20	123 30.300 W	48 35.500 N	259.3	1.4	21.8	10.9	0.3	0.4	0.0		NAN	NAN	NAN	NAN	NAN	NAN	84.1220151	0.134175446	23.49132886	7.101094802	20	10.6343	32.94148	2.2314	85.2745	8.29E+00	5.93647	259.3209116	29.2621	22.3732	20m
SI046_40m_plate10_06-16-10_8715	SI046_40m	46	2010	6	16	40	123 30.300 W	48 35.500 N	195.8	1.5	12.7	8.6	2.3	0.9	0.0		NAN	NAN	NAN	NAN	NAN	NAN	73.23550964	13.82858098	22.38679866	11.30664739	40	9.7947	32.511276	1.2034	87.1438	2.56E+00	4.48452	195.8334591	29.506	22.6989	40m
SI046_60m_plate10_06-16-10_8715	SI046_60m	46	2010	6	16	60	123 30.300 W	48 35.500 N	180.7	2.4	25.8	19.2	3.5	0.9	0.0		NAN	NAN	NAN	NAN	NAN	NAN	56.05808783	2.728777732	25.75078189	21.20971143	60	9.1017	32.113778	0.5052	89.0245	2.43E+00	4.13838	180.676983	29.6666	22.9308	60m
SI046_75m_plate10_06-16-10_8715	SI046_75m	46	2010	6	16	75	123 30.300 W	48 35.500 N	146.1	2.7	49.8	27.8	0.0	0.1	0.0		NAN	NAN	NAN	NAN	NAN	NAN	71.59458805	30.7085761	28.45432017	22.08148277	75	8.9139	32.529833	0.4955	88.2951	2.40E+00	3.34896	146.1431239	30.2452	23.4115	75m
SI046_85m_plate10_06-16-10_8715	SI046_85m	46	2010	6	16	85	123 30.300 W	48 35.500 N	110.9	2.8	49.8	27.7	0.0	0.0	0.0		NAN	NAN	NAN	NAN	NAN	NAN	25.4530697	4.103834876	15.78374704	0.065810753	85	8.9706	32.810336	0.8109	87.1242	2.39E+00	2.54069	110.85245	30.4814	23.5878	85m
SI046_90m_plate10_06-16-10_8715	SI046_90m	46	2010	6	16	90	123 30.300 W	48 35.500 N	94.2	2.9	53.2	27.8	0.0	0.0	0.0		NAN	NAN	NAN	NAN	NAN	NAN	22.06140288	10.28901502	19.05168391	4.396018701	90	8.9807	32.871207	0.5897	86.4375	2.38E+00	2.15823	94.16180036	30.5332	23.6269	90m
SI046_97m_plate10_06-16-10_8715	SI046_97m	46	2010	6	16	97	123 30.300 W	48 35.500 N	72.0	3.2	59.9	27.2	0.0	0.1	0.0		NAN	NAN	NAN	NAN	NAN	NAN	31.35106564	5.71587816	25.20277069	7.127286436	97	9.0194	32.99076	0.5799	82.5792	2.37E+00	1.65009	71.98769568	30.6201	23.6891	97m
SI047_100m_plate10_07-07-10_8715	SI047_100m	47	2010	7	7	100	123 30.300 W	48 35.500 N	31.4	3.8	59.6	25.4	0.0	0.3	0.0	2867.8	NAN	NAN	NAN	NAN	NAN	NAN	22.74924333	16.03155105	15.98981429	6.296310359	100	9.0803	33.133906	0.2161	66.0704	3.87E+00	0.72035	31.42440706	30.7136	23.753	100m
SI047_10m_plate10_07-07-10_8715	SI047_10m	47	2010	7	7	10	123 30.300 W	48 35.500 N	325.8	0.9	25.5	4.0	0.0	0.6	0.0	3969.3	NAN	NAN	NAN	NAN	NAN	NAN	1527.7841	26.3463428	12.39779557	11.89349164	10	12.8201	33.821359	6.6066	78.6821	1.55E+02	7.45015	325.7749519	28.4127	21.3299	10m
SI047_20m_plate10_07-07-10_8715	SI047_20m	47	2010	7	7	20	123 30.300 W	48 35.500 N	330.0	0.6	13.2	0.6	0.0	0.3	0.0	2572.3	NAN	NAN	NAN	NAN	NAN	NAN	16.19833825	2.547749373	9.504977206	3.890566677	20	12.7969	34.387039	6.8461	77.1123	8.70E+00	7.55011	330.009222	28.954	21.753	20m
SI047_40m_plate10_07-07-10_8715	SI047_40m	47	2010	7	7	40	123 30.300 W	48 35.500 N	216.1	1.8	28.9	14.3	2.1	0.7	0.0	2539.9	NAN	NAN	NAN	NAN	NAN	NAN	9.429610434	4.675069396	6.744344658	5.71948248	40	10.2444	32.826251	1.6234	83.7738	4.72E+00	4.94914	216.1464916	29.4544	22.587	40m
SI047_60m_plate10_07-07-10_8715	SI047_60m	47	2010	7	7	60	123 30.300 W	48 35.500 N	166.3	2.3	42.9	25.6	0.0	0.7	0.0	2150.4	NAN	NAN	NAN	NAN	NAN	NAN	29.77599461	19.60666881	10.53730772	2.077535741	60	9.5638	32.937664	0.2712	75.7379	4.30E+00	3.81077	166.3279022	30.1193	23.2137	60m
SI047_75m_plate10_07-07-10_8715	SI047_75m	47	2010	7	7	75	123 30.300 W	48 35.500 N	137.4	2.5	47.1	26.7	0.0	0.5	0.0	2089.5	NAN	NAN	NAN	NAN	NAN	NAN	13.77054519	2.678710775	13.26202758	0.692670792	75	9.3708	33.104931	0.1591	70.398	4.10E+00	3.14915	137.412008	30.4459	23.4989	75m
SI047_85m_plate10_07-07-10_8715	SI047_85m	47	2010	7	7	85	123 30.300 W	48 35.500 N	87.0	2.9	55.7	27.9	0.0	0.0	0.0	2294.2	NAN	NAN	NAN	NAN	NAN	NAN	18.51872638	3.394692871	12.31263511	6.294234988	85	9.1441	33.036288	0.1847	67.9794	3.93E+00	1.99516	87.04719034	30.5649	23.6269	85m
SI047_90m_plate10_07-07-10_8715	SI047_90m	47	2010	7	7	90	123 30.300 W	48 35.500 N	68.5	3.2	61.9	27.7	0.0	0.2	0.0	2001.2	NAN	NAN	NAN	NAN	NAN	NAN	36.90547583	51.95138981	8.036783429	11.36572812	90	9.0926	33.031292	0.197	64.8105	3.92E+00	1.57031	68.50887122	30.6019	23.6637	90m
SI049_100m_plate12_09-08-10_9407	SI049_100m	49	2010	9	8	100	123 30.300 W	48 35.500 N	24.2	4.1	82.7	17.5	0.7	0.0	0.0	150.8	NAN	NAN	NAN	NAN	NAN	NAN	NAN	NAN	NAN	NAN	100	9.3471	33.800333	0.0506	81.3266	1.35E+02	0.55446	24.18027796	31.1657	24.0653	100m
SI049_10m_plate12_09-08-10_9407	SI049_10m	49	2010	9	8	10	123 30.300 W	48 35.500 N	189.2	1.7	31.9	11.4	5.3	0.6	0.0	190.5	NAN	NAN	NAN	NAN	NAN	NAN	1647.589459	5.845621343	6.246223563	0.935144593	10	13.0927	34.768893	0.3467	88.3557	2.68E+02	4.32959	189.2343138	29.0865	21.7993	10m
SI049_110m_plate12_09-08-10_9407	SI049_110m	49	2010	9	8	110	123 30.300 W	48 35.500 N	22.9	4.1	82.0	17.0	0.8	0.0	0.0	678.7	NAN	NAN	NAN	NAN	NAN	NAN	NAN	NAN	NAN	NAN	110	9.3708	33.859701	0.0629	82.1554	1.33E+02	0.52581	22.93029077	31.2015	24.0897	110m
SI049_120m_plate12_09-08-10_9407	SI049_120m	49	2010	9	8	120	123 30.300 W	48 35.500 N	6.0	4.8	97.5	5.4	0.5	0.1	0.0	227.8	NAN	NAN	NAN	NAN	NAN	NAN	NAN	NAN	NAN	NAN	120	9.2951	33.811355	0.0919	78.6136	1.15E+02	0.13741	5.992249671	31.2137	24.1113	120m
SI049_135m_plate12_09-08-10_9407	SI049_135m	49	2010	9	8	135	123 30.300 W	48 35.500 N	17.2	4.5	95.1	9.7	3.7	0.3	0.0	602.5	NAN	NAN	NAN	NAN	NAN	NAN	NAN	NAN	NAN	NAN	135	9.3369	33.87995	0.086	80.5067	1.12E+02	0.39407	17.18456452	31.2411	24.1264	135m
SI049_150m_plate12_09-08-10_9407	SI049_150m	49	2010	9	8	150	123 30.300 W	48 35.500 N	10.0	4.5	98.9	9.2	5.1	0.6	0.0	158.1	NAN	NAN	NAN	NAN	NAN	NAN	NAN	NAN	NAN	NAN	150	9.3268	33.888905	0.1745	75.3074	7.81E+01	0.2283	9.955578217	31.2526	24.1372	150m
SI049_165m_plate12_09-08-10_9407	SI049_165m	49	2010	9	8	165	123 30.300 W	48 35.500 N	12.0	4.8	100.0	5.5	6.2	1.0	0.0	470.2	NAN	NAN	NAN	NAN	NAN	NAN	NAN	NAN	NAN	NAN	165	9.3334	33.909235	0.1746	78.5117	6.35E+01	0.27469	11.97845594	31.2613	24.1433	165m
SI049_185m_plate12_09-08-10_9407	SI049_185m	49	2010	9	8	185	123 30.300 W	48 35.500 N	23.3	4.3	92.7	11.8	7.0	0.6	0.0	153.9	NAN	NAN	NAN	NAN	NAN	NAN	NAN	NAN	NAN	NAN	185	9.3398	33.945827	0.1644	80.9675	5.81E+01	0.53361	23.2688268	31.2847	24.1609	185m
SI049_20m_plate12_09-08-10_9407	SI049_20m	49	2010	9	8	20	123 30.300 W	48 35.500 N	165.0	2.0	38.6	19.0	1.8	0.4	0.0	370.3	NAN	NAN	NAN	NAN	NAN	NAN	NAN	NAN	NAN	NAN	20	12.3739	34.350025	0.2628	87.8061	2.17E+02	3.77715	165.0470595	29.2458	22.0571	20m
SI049_40m_plate12_09-08-10_9407	SI049_40m	49	2010	9	8	40	123 30.300 W	48 35.500 N	145.0	2.3	39.7	24.8	0.8	0.0	0.0	151.1	NAN	NAN	NAN	NAN	NAN	NAN	NAN	NAN	NAN	NAN	40	10.7034	33.384751	0.0651	88.6044	1.79E+02	3.32085	145.024104	29.6345	22.6518	40m
SI049_60m_plate12_09-08-10_9407	SI049_60m	49	2010	9	8	60	123 30.300 W	48 35.500 N	80.3	3.4	65.8	25.8	0.9	0.0	0.0	563.4	NAN	NAN	NAN	NAN	NAN	NAN	NAN	NAN	NAN	NAN	60	9.4044	33.35456	0.0432	87.0769	1.63E+02	1.841	80.31755788	30.6779	23.6748	60m
SI049_75m_plate12_09-08-10_9407	SI049_75m	49	2010	9	8	75	123 30.300 W	48 35.500 N	47.2	3.7	74.0	21.9	0.7	0.0	0.0	138.0	NAN	NAN	NAN	NAN	NAN	NAN	NAN	NAN	NAN	NAN	75	9.3825	33.730659	0.0258	83.2696	1.62E+02	1.08159	47.17224167	31.0743	23.988	75m
SI049_85m_plate12_09-08-10_9407	SI049_85m	49	2010	9	8	85	123 30.300 W	48 35.500 N	39.1	3.7	74.6	21.5	0.4	0.0	0.0	396.9	NAN	NAN	NAN	NAN	NAN	NAN	NAN	NAN	NAN	NAN	85	9.3519	33.751647	0.0342	81.553	1.35E+02	0.89578	39.06687118	31.1181	24.0271	85m
SI049_90m_plate12_09-08-10_9407	SI049_90m	49	2010	9	8	90	123 30.300 W	48 35.500 N	35.1	3.8	77.8	20.8	0.9	0.0	0.0	139.8	NAN	NAN	NAN	NAN	NAN	NAN	NAN	NAN	NAN	NAN	90	9.3649	33.785011	0.0417	80.2572	1.35E+02	0.8044	35.08110512	31.1388	24.0414	90m
SI049_97m_plate12_09-08-10_9407	SI049_97m	49	2010	9	8	97	123 30.300 W	48 35.500 N	22.5	4.2	84.3	17.1	0.7	0.1	0.0	918.1	NAN	NAN	NAN	NAN	NAN	NAN	NAN	NAN	NAN	NAN	97	9.3317	33.777864	0.0454	81.4249	1.34E+02	0.51681	22.53843506	31.1574	24.0611	97m
SI052_100m_plate14_12-08-10_9407	SI052_100m	52	2010	12	8	100	123 30.300 W	48 35.500 N	9.2	4.2	67.5	21.4	0.0	0.1	0.0	580965.7	NAN	NAN	NAN	NAN	NAN	NAN	13.80300273	0.581207793	16.09077424	0.019278628	100	9.4687	33.791285	0.0919	8.07E+01	2.0205	0.21163	9.230269916	31.0509	23.9566	100m
SI052_10m_plate14_12-08-10_9407	SI052_10m	52	2010	12	8	10	123 30.300 W	48 35.500 N	133.6	2.5	49.1	27.4	0.0	0.1	0.0	462764.8	NAN	NAN	NAN	NAN	NAN	NAN	216.1390218	0	1.005684463	0	10	10.0667	33.095279	0.3153	8.65E+01	19.058	3.05904	133.5521454	29.88	22.9467	10m
SI052_110m_plate14_12-08-10_9407	SI052_110m	52	2010	12	8	110	123 30.300 W	48 35.500 N	3.2	4.6	70.7	19.9	0.0	0.1	0.0	471392.9	NAN	NAN	NAN	NAN	NAN	NAN	13.79650936	0.509274241	16.24341187	0.097853641	110	9.4348	33.845333	0.086	8.26E+01	2.0833	0.07337	3.199828949	31.1311	24.0248	110m
SI052_120m_plate14_12-08-10_9407	SI052_120m	52	2010	12	8	120	123 30.300 W	48 35.500 N	2.6	4.6	60.6	16.2	0.0	0.2	0.0	418439.1	NAN	NAN	NAN	NAN	NAN	NAN	6.779074355	0.112491831	15.55726543	0.083832821	120	9.405	33.871694	0.0926	8.40E+01	2.0952	0.05862	2.556442031	31.1797	24.0675	120m
SI052_135m_plate14_12-08-10_9407	SI052_135m	52	2010	12	8	135	123 30.300 W	48 35.500 N	2.4	4.8	58.8	8.3	0.0	0.1	0.0	380819.1	NAN	NAN	NAN	NAN	NAN	NAN	14.07274798	0	7.734328559	0.168249842	135	9.3599	33.893719	0.1	8.43E+01	2.1677	0.05614	2.448167257	31.2351	24.1181	135m
SI052_150m_plate14_12-08-10_9407	SI052_150m	52	2010	12	8	150	123 30.300 W	48 35.500 N	2.4	5.0	65.1	2.3	1.3	0.1	0.0	457187.4	NAN	NAN	NAN	NAN	NAN	NAN	113.0297556	1.746684381	1.905595131	0.085293323	150	9.3392	33.899473	0.1214	8.61E+01	2.1811	0.05598	2.441148938	31.2526	24.1353	150m
SI052_165m_plate14_12-08-10_9407	SI052_165m	52	2010	12	8	165	123 30.300 W	48 35.500 N	2.4	5.1	61.9	0.0	2.2	0.1	0.0	362984.2	NAN	NAN	NAN	NAN	NAN	NAN	201.009457	3.953666968	1.800463122	0.201841391	165	9.3319	33.910683	0.2277	8.58E+01	2.2022	0.0561	2.446357237	31.2641	24.1456	165m
SI052_185m_plate14_12-08-10_9407	SI052_185m	52	2010	12	8	185	123 30.300 W	48 35.500 N	2.5	5.2	62.5	2.1	1.8	0.1	0.0	1352073.0	NAN	NAN	NAN	NAN	NAN	NAN	299.2202686	0.252532682	1.986767783	0.020154929	185	9.3491	33.952504	0.21	8.74E+01	2.2149	0.05624	2.452431577	31.2834	24.1584	185m
SI052_200m_plate14_12-08-10_9407	SI052_200m	52	2010	12	8	200	123 30.300 W	48 35.500 N	2.5	5.2	61.4	5.0	0.5	0.1	0.0	377998.0	NAN	NAN	NAN	NAN	NAN	NAN	276.7337413	1.212922122	1.858296054	0.082080218	200	9.3565	33.975441	0.21	8.67E+01	2.2334	0.05632	2.455902355	31.294	24.1658	200m
SI052_20m_plate14_12-08-10_9407	SI052_20m	52	2010	12	8	20	123 30.300 W	48 35.500 N	122.3	2.4	50.7	27.5	0.0	0.1	0.0	376886.0	NAN	NAN	NAN	NAN	NAN	NAN	56.50611773	9.186900179	14.84490581	0.123376528	20	10.1621	33.366218	0.1663	8.66E+01	5.4712	2.80145	122.2905599	30.0678	23.0778	20m
SI052_40m_plate14_12-08-10_9407	SI052_40m	52	2010	12	8	40	123 30.300 W	48 35.500 N	164.1	2.5	49.5	27.7	0.0	0.1	0.0	348997.5	NAN	NAN	NAN	NAN	NAN	NAN	46.67448219	2.388685005	10.43244886	6.643417284	40	9.2999	32.831162	0.141	8.51E+01	2.0009	3.75955	164.0705219	30.2414	23.3496	40m
SI052_60m_plate14_12-08-10_9407	SI052_60m	52	2010	12	8	60	123 30.300 W	48 35.500 N	139.7	2.6	51.4	28.0	0.0	0.1	0.0	467714.0	NAN	NAN	NAN	NAN	NAN	NAN	47.6566747	0.382399321	14.80715535	0.107751004	60	9.2517	33.015571	0.1237	8.42E+01	1.8801	3.20263	139.7413557	30.4623	23.5299	60m
SI052_75m_plate14_12-08-10_9407	SI052_75m	52	2010	12	8	75	123 30.300 W	48 35.500 N	120.9	2.6	51.7	27.9	0.0	0.2	0.0	1091607.0	NAN	NAN	NAN	NAN	NAN	NAN	43.06441475	0.749976962	15.13701146	0.073570172	75	9.1589	33.070049	0.1449	8.14E+01	1.9386	2.77173	120.9261745	30.5911	23.6449	75m
SI052_85m_plate14_12-08-10_9407	SI052_85m	52	2010	12	8	85	123 30.300 W	48 35.500 N	87.3	3.0	56.8	27.4	0.0	0.1	0.0	649130.6	NAN	NAN	NAN	NAN	NAN	NAN	40.58023449	0.8287436	15.10363453	0.127282908	85	9.3035	33.303572	0.1266	8.05E+01	1.9532	2.00141	87.31282713	30.7019	23.7095	85m
SI052_90m_plate14_12-08-10_9407	SI052_90m	52	2010	12	8	90	123 30.300 W	48 35.500 N	49.7	3.0	59.2	27.6	0.0	0.4	0.0	563292.7	NAN	NAN	NAN	NAN	NAN	NAN	29.58078974	0.565764665	16.94396918	0.082685061	90	9.4373	33.572645	0.1032	8.17E+01	2.0075	1.13877	49.67462594	30.8594	23.8118	90m
SI052_97m_plate14_12-08-10_9407	SI052_97m	52	2010	12	8	97	123 30.300 W	48 35.500 N	16.1	3.8	64.8	23.8	0.0	0.1	0.0	1240239.5	NAN	NAN	NAN	NAN	NAN	NAN	28.76507133	2.446506009	15.2257588	0.018694427	97	9.4702	33.746059	0.1039	8.04E+01	2.0162	0.36971	16.12552129	31.0048	23.9203	97m
SI060_100m_plate7_08-09-11_8140	SI060_100m	60	2011	8	9	100	123 30.300 W	48 35.500 N	41.1	4.0	75.8	22.5	0.0	0.1	0.0	16876.1	NAN	NAN	NAN	NAN	NAN	NAN	2.868591434	2.437651633	15.41250728	0.623258658	100	8.8871	33.180378	1.82E-01	8.35E+01	2.81E+00	0.9415	41.06389333	30.9287	23.9504	100m
SI060_10m_plate7_08-09-11_8140	SI060_10m	60	2011	8	9	10	123 30.300 W	48 35.500 N	231.7	1.0	32.6	8.0	0.0	0.0	0.0	38797.0	NAN	NAN	NAN	NAN	NAN	NAN	NAN	NAN	NAN	NAN	10	14.4005	33.617456	4.04E+00	81.4524	3.62E+01	5.29128	231.6751317	2.71E+01	19.9997	10m
SI060_120m_plate7_08-09-11_8140	SI060_120m	60	2011	8	9	120	123 30.300 W	48 35.500 N	25.5	4.2	75.6	18.2	0.0	0.0	0.0	24119.1	NAN	NAN	NAN	NAN	NAN	NAN	3.813240509	3.342724591	15.17195387	0.586602688	120	9.0464	33.487962	1.92E-01	8.17E+01	2.76E+00	0.58476	25.50182055	31.0986	24.0595	120m
SI060_135m_plate7_08-09-11_8140	SI060_135m	60	2011	8	9	135	123 30.300 W	48 35.500 N	10.0	4.5	84.8	14.4	0.0	0.2	0.0	16450.7	NAN	NAN	NAN	NAN	NAN	NAN	3.141728443	2.543306265	14.31513795	0.222465679	135	9.1385	33.632727	2.10E-01	8.35E+01	2.75E+00	0.23023	10.04016115	31.1607	24.0943	135m
SI060_150m_plate7_08-09-11_8140	SI060_150m	60	2011	8	9	150	123 30.300 W	48 35.500 N	0.0	5.4	91.0	0.7	3.8	0.3	0.0	29353.6	NAN	NAN	NAN	NAN	NAN	NAN	4.453528431	3.843441134	11.92772264	0.018895576	150	9.2025	33.736237	2.38E-01	7.54E+01	2.76E+00	0.06184	2.696731659	31.2048	24.1191	150m
SI060_165m_plate7_08-09-11_8140	SI060_165m	60	2011	8	9	165	123 30.300 W	48 35.500 N	0.0	6.5	83.4	0.0	6.9	0.3	7.7	32140.7	NAN	NAN	NAN	NAN	NAN	NAN	63.38425201	13.79723456	1.908341963	0.496622791	165	9.2939	33.852586	2.48E-01	8.10E+01	2.75E+00	0.05963	2.600327048	31.2379	24.1311	165m
SI060_185m_plate7_08-09-11_8140	SI060_185m	60	2011	8	9	185	123 30.300 W	48 35.500 N	0.0	6.2	84.4	0.0	6.4	0.0	5.9	38147.0	NAN	NAN	NAN	NAN	NAN	NAN	622.0805609	464.6714453	2.206994894	0.215870648	185	9.3097	33.885759	3.16E-01	8.29E+01	2.74E+00	0.0584	2.546672421	31.2495	24.138	185m
SI060_200m_plate7_08-09-11_8140	SI060_200m	60	2011	8	9	200	123 30.300 W	48 35.500 N	0.0	6.4	107.9	0.0	7.5	0.0	6.5	35800.7	NAN	NAN	NAN	NAN	NAN	NAN	631.4937691	477.0040473	1.447467221	0.126685871	200	9.2733	33.858343	3.50E-01	7.92E+01	2.74E+00	0.05791	2.525295176	31.2469	24.1419	200m
SI060_20m_plate7_08-09-11_8140	SI060_20m	60	2011	8	9	20	123 30.300 W	48 35.500 N	203.2	0.4	6.3	1.9	0.7	0.0	0.0	10375.0	NAN	NAN	NAN	NAN	NAN	NAN	27.78133268	21.42221985	11.2113766	0.250954199	20	12.8011	33.55951	5.77E-01	86.7633	5.55E+00	4.6467	203.2227297	2.82E+01	21.1536	20m
SI060_40m_plate7_08-09-11_8140	SI060_40m	60	2011	8	9	40	123 30.300 W	48 35.500 N	143.9	2.3	35.9	24.3	4.6	0.5	0.0	4405.5	NAN	NAN	NAN	NAN	NAN	NAN	25.58993781	22.3647843	12.06171101	0.282719555	40	9.4934	32.011761	2.70E-01	8.77E+01	3.08E+00	3.29573	143.9421547	29.2486	22.5448	40m
SI060_60m_plate7_08-09-11_8140	SI060_60m	60	2011	8	9	60	123 30.300 W	48 35.500 N	102.8	2.7	51.7	28.5	0.0	0.2	0.0	7148.0	NAN	NAN	NAN	NAN	NAN	NAN	27.22402771	20.87868234	13.65468493	0.462686354	60	8.8951	32.309709	2.27E-01	8.65E+01	2.88E+00	2.35586	102.8216719	30.0409	23.2542	60m
SI060_75m_plate7_08-09-11_8140	SI060_75m	60	2011	8	9	75	123 30.300 W	48 35.500 N	47.5	3.4	68.3	27.3	0.0	0.2	0.0	16480.0	NAN	NAN	NAN	NAN	NAN	NAN	22.06860418	18.43532686	14.79487176	0.158637121	75	8.7379	32.758601	1.92E-01	8.46E+01	2.87E+00	1.08797	47.46196932	30.6324	23.7405	75m
SI060_85m_plate7_08-09-11_8140	SI060_85m	60	2011	8	9	85	123 30.300 W	48 35.500 N	44.3	3.8	72.9	24.5	0.0	nd	0.0	14980.3	NAN	NAN	NAN	NAN	NAN	NAN	9.200835654	7.818003753	16.37483762	0.813410184	85	8.8022	32.979897	2.07E-01	8.43E+01	2.82E+00	1.01554	44.29693646	30.8016	23.8635	85m
SI060_90m_plate7_08-09-11_8140	SI060_90m	60	2011	8	9	90	123 30.300 W	48 35.500 N	39.1	3.8	75.3	23.7	0.0	0.0	0.0	15163.3	NAN	NAN	NAN	NAN	NAN	NAN	1.511037253	0	16.27274	0	90	8.8373	33.068508	1.89E-01	8.39E+01	2.81E+00	0.89594	39.07852773	30.8606	23.9045	90m
SI060_97m_plate7_08-09-11_8140	SI060_97m	60	2011	8	9	97	123 30.300 W	48 35.500 N	44.5	2.4	31.0	10.5	0.0	0.1	0.0	15461.5	NAN	NAN	NAN	NAN	NAN	NAN	4.636711255	4.329728005	18.77436557	4.268801673	97	8.8769	33.157492	1.98E-01	8.37E+01	2.82E+00	1.02058	44.51338993	30.9152	23.9414	97m
SI064_100m_plate14_12-07-11_9407	SI064_100m	64	2011	12	7	100	123 30.300 W	48 35.500 N	12.4	3.4	54.8	24.7	-0.1	-0.3	1.4	16501.3	NAN	NAN	NAN	NAN	NAN	NAN	5.780905454	1.458443466	14.13014274	0.399335789	100	9.1476	3.35E+01	9.67E-01	8.72E+01	NAN	0.28431	12.40022603	30.9862	23.9559	100m
SI064_10m_plate14_12-07-11_9407	SI064_10m	64	2011	12	7	10	123 30.300 W	48 35.500 N	164.9	2.3	46.5	27.4	0.0	0.4	1.4	7732.7	NAN	NAN	NAN	NAN	NAN	NAN	13.3572111	0.745655885	20.38781071	2.082972053	10	8.7336	3.14E+01	1.74E+00	9.00E+01	NAN	3.77525	164.8687828	29.2359	22.6476	10m
SI064_110m_plate14_12-07-11_9407	SI064_110m	64	2011	12	7	110	123 30.300 W	48 35.500 N	3.6	4.4	55.0	17.1	0.0	-0.3	1.4	14348.6	NAN	NAN	NAN	NAN	NAN	NAN	5.42080588	0.572704824	15.65764645	0.114441685	110	9.1557	3.36E+01	9.74E-01	8.98E+01	NAN	0.08218	3.583968305	31.1066	24.0489	110m
SI064_120m_plate14_12-07-11_9407	SI064_120m	64	2011	12	7	120	123 30.300 W	48 35.500 N	3.3	4.9	53.6	3.6	1.0	-0.4	1.4	17442.7	NAN	NAN	NAN	NAN	NAN	NAN	7.488704423	1.581976275	13.17007439	0.298032425	120	9.157	3.36E+01	9.73E-01	9.21E+01	NAN	0.07616	3.321273212	31.1681	24.0969	120m
SI064_135m_plate14_12-07-11_9407	SI064_135m	64	2011	12	7	135	123 30.300 W	48 35.500 N	3.3	5.0	52.5	4.5	0.2	1.7	1.4	26158.1	NAN	NAN	NAN	NAN	NAN	NAN	103.9475552	1.140367493	1.863173137	0.426995411	135	9.1588	3.37E+01	9.56E-01	8.99E+01	NAN	0.07646	3.334256982	31.2069	24.1273	135m
SI064_150m_plate14_12-07-11_9407	SI064_150m	64	2011	12	7	150	123 30.300 W	48 35.500 N	5.4	4.7	49.1	14.9	-0.1	-0.6	1.5	19404.9	NAN	NAN	NAN	NAN	NAN	NAN	76.91215867	4.400120996	1.8959333	0.264495133	150	9.1415	3.37E+01	9.53E-01	8.92E+01	NAN	0.12472	5.438674064	31.2269	24.1458	150m
SI064_165m_plate14_12-07-11_9407	SI064_165m	64	2011	12	7	165	123 30.300 W	48 35.500 N	5.3	4.7	56.3	16.0	0.3	1.0	1.5	28480.8	NAN	NAN	NAN	NAN	NAN	NAN	5.921142251	1.136585876	15.10096816	0.358192102	165	9.1312	3.37E+01	9.48E-01	8.80E+01	NAN	0.12129	5.289033636	31.2414	24.159	165m
SI064_185m_plate14_12-07-11_9407	SI064_185m	64	2011	12	7	185	123 30.300 W	48 35.500 N	10.8	4.6	56.2	18.6	2.0	0.1	1.4	30484.1	NAN	NAN	NAN	NAN	NAN	NAN	4.006310437	1.836391165	16.12496189	0.244856778	185	9.1186	3.37E+01	9.20E-01	8.82E+01	NAN	0.24772	10.80201172	31.2621	24.1773	185m
SI064_200m_plate14_12-07-11_9407	SI064_200m	64	2011	12	7	200	123 30.300 W	48 35.500 N	7.7	4.5	54.3	20.7	0.2	-0.2	1.4	29754.9	NAN	NAN	NAN	NAN	NAN	NAN	9.062452376	6.527543822	17.58268	0.507001716	194	9.1157	3.37E+01	9.13E-01	8.90E+01	NAN	0.17627	7.68633495	31.2694	24.1836	194m
SI064_20m_plate14_12-07-11_9407	SI064_20m	64	2011	12	7	20	123 30.300 W	48 35.500 N	155.7	2.5	48.7	27.4	0.0	0.3	1.3	6384.5	NAN	NAN	NAN	NAN	NAN	NAN	19.5137335	0.342538184	13.98750756	0.720195564	20	9.0481	3.18E+01	1.33E+00	9.07E+01	NAN	3.56511	155.6751749	29.4341	22.7566	20m
SI064_40m_plate14_12-07-11_9407	SI064_40m	64	2011	12	7	40	123 30.300 W	48 35.500 N	145.2	2.5	51.7	27.3	0.0	-0.1	1.4	4252.6	NAN	NAN	NAN	NAN	NAN	NAN	23.0593046	2.303426011	14.72381424	0.33422031	40	9.2274	3.22E+01	1.08E+00	9.24E+01	NAN	3.32472	145.1558789	29.6697	22.9141	40m
SI064_60m_plate14_12-07-11_9407	SI064_60m	64	2011	12	7	60	123 30.300 W	48 35.500 N	108.4	2.6	49.3	27.9	-0.1	-0.7	1.3	4545.0	NAN	NAN	NAN	NAN	NAN	NAN	25.75230518	0.492867039	15.28358257	0.08346396	60	9.4688	3.29E+01	9.66E-01	9.35E+01	NAN	2.48424	108.4238616	30.1639	23.2633	60m
SI064_75m_plate14_12-07-11_9407	SI064_75m	64	2011	12	7	75	123 30.300 W	48 35.500 N	119.4	2.7	56.7	27.9	0.1	-0.7	1.3	12637.8	NAN	NAN	NAN	NAN	NAN	NAN	12.32096865	1.807913889	16.2701356	0.235084078	75	9.015	3.28E+01	9.92E-01	9.06E+01	NAN	2.73593	119.3751345	30.444	23.5518	75m
SI064_80m_plate14_12-07-11_9407	SI064_80m	64	2011	12	7	80	123 30.300 W	48 35.500 N	66.3	3.0	53.3	26.8	0.1	-0.9	1.3	17131.9	NAN	NAN	NAN	NAN	NAN	NAN	14.47063089	1.296531272	16.49512536	0.272624637	80	8.9295	3.29E+01	9.91E-01	8.94E+01	NAN	2.47965	108.181825	30.5631	23.6578	80m
SI064_90m_plate14_12-07-11_9407	SI064_90m	64	2011	12	7	90	123 30.300 W	48 35.500 N	52.4	3.5	53.5	25.3	0.3	1.7	1.3	18960.8	NAN	NAN	NAN	NAN	NAN	NAN	11.98905776	0.053782992	15.29997392	0.214362069	90	9.041	3.32E+01	9.91E-01	8.54E+01	NAN	1.20063	52.37231818	30.7994	23.8259	90m
SI064_97m_plate14_12-07-11_9407	SI064_97m	64	2011	12	7	97	123 30.300 W	48 35.500 N	22.4	4.1	54.7	19.7	0.1	0.6	1.2	12838.8	NAN	NAN	NAN	NAN	NAN	NAN	8.062724536	1.152552702	16.36565713	0.227154644	97	9.1372	3.34E+01	9.76E-01	8.70E+01	NAN	0.51324	22.3857113	30.9452	23.9254	97m
SI065_100m_plate14_01-11-12_9407	SI065_100m	65	2012	1	11	100	123 30.300 W	48 35.500 N	62.1				0.9	0.2	0.0	62.1	NAN	NAN	NAN	NAN	NAN	NAN	3.582114501	0.23861005	18.4304326	0.002565663	100.00	8.69E+00	3.29E+01	0.1856	78.3651	1.44	1.42277	62.05844975	30.811	23.89	100m
SI065_10m_plate14_01-11-12_9407	SI065_10m	65	2012	1	11	10	123 30.300 W	48 35.500 N	179.0	2.4	47.5	27.4	-0.6	0.0	0.0	179.0	NAN	NAN	NAN	NAN	NAN	NAN	6.72739698	1.205159042	19.88065048	0.065624439	10.00	8.1141	3.12E+01	0.9983	83.6537	19.95	4.09993	178.990898	29.5394	22.97	10m
SI065_110m_plate14_01-11-12_9407	SI065_110m	65	2012	1	11	110	123 30.300 W	48 35.500 N	7.9				-0.1	0.2	0.0	7.9	NAN	NAN	NAN	NAN	NAN	NAN	3.577247498	0.075712804	17.92971408	0.182162054	110.00	9.10E+00	3.35E+01	0.1642	80.7425	1.46	0.18167	7.922896747	31.0874	24.04	110m
SI065_120m_plate14_01-11-12_9407	SI065_120m	65	2012	1	11	120	123 30.300 W	48 35.500 N	2.9	4.8	49.6	12.7	-0.1	0.2	0.0	2.9	NAN	NAN	NAN	NAN	NAN	NAN	5.248251997	0.098656078	17.01898693	0.433597002	120.00	9.15E+00	3.37E+01	0.1569	84.7854	1.56	0.06638	2.894765787	31.1719	24.10	120m
SI065_135m_plate14_01-11-12_9407	SI065_135m	65	2012	1	11	135	123 30.300 W	48 35.500 N	2.7				-0.2	1.0	0.0	2.7	NAN	NAN	NAN	NAN	NAN	NAN	2.38770763	0.611570985	12.09034617	0.399481365	135.00	9.16E+00	3.37E+01	0.1644	85.6884	1.63	0.06265	2.732011626	31.2179	24.14	135m
SI065_150m_plate14_01-11-12_9407	SI065_150m	65	2012	1	11	150	123 30.300 W	48 35.500 N	2.7	3.6	35.9	7.4	-0.3	0.7	0.0	2.7	NAN	NAN	NAN	NAN	NAN	NAN	92.36171374	0.861434617	6.248144236	0.137569741	150.00	9.15E+00	3.37E+01	0.0479	84.268	1.69	0.06191	2.699687225	31.241	24.16	150m
SI065_165m_plate14_01-11-12_9407	SI065_165m	65	2012	1	11	165	123 30.300 W	48 35.500 N	3.2				-0.4	0.2	0.0	3.2	NAN	NAN	NAN	NAN	NAN	NAN	23.82659622	0.49020865	14.17992015	0.079367159	165.00	9.13E+00	3.37E+01	0.0329	82.2924	1.75	0.07437	3.242975641	31.2585	24.17	165m
SI065_185m_plate14_01-11-12_9407	SI065_185m	65	2012	1	11	185	123 30.300 W	48 35.500 N	4.4				0.0	-0.2	0.0	4.4	NAN	NAN	NAN	NAN	NAN	NAN	4.915076805	0.483069689	16.87373084	0.851874168	185.00	9.12E+00	3.38E+01	0.1397	81.67	1.77	0.10178	4.43813975	31.2783	24.19	185m
SI065_200m_plate14_01-11-12_9407	SI065_200m	65	2012	1	11	200	123 30.300 W	48 35.500 N	2.5	4.9	52.5	14.1	0.5	-0.2	0.0	2.5	NAN	NAN	NAN	NAN	NAN	NAN	3.353559765	0.073769263	22.55879381	0.08201273	200.00	9.12E+00	3.38E+01	1.30E-01	82.4872	1.89E+00	0.05815	2.535624247	31.29	24.20	200m
SI065_20m_plate14_01-11-12_9407	SI065_20m	65	2012	1	11	20	123 30.300 W	48 35.500 N	173.5				-0.6	0.1	0.0	173.5	NAN	NAN	NAN	NAN	NAN	NAN	26.4521704	1.399142442	16.09677162	0.523198697	20.00	8.1493	3.14E+01	0.3249	83.523	4.10	3.97578	173.5416949	29.7649	23.15	20m
SI065_40m_plate14_01-11-12_9407	SI065_40m	65	2012	1	11	40	123 30.300 W	48 35.500 N	154.0	2.5	50.1	28.0	-0.6	0.2	0.0	154.0	NAN	NAN	NAN	NAN	NAN	NAN	27.52876007	0.058200601	17.68541199	0	40.00	8.40E+00	3.19E+01	0.0861	84.6348	1.33	3.52892	154.0022422	30.0989	23.37	40m
SI065_60m_plate14_01-11-12_9407	SI065_60m	65	2012	1	11	60	123 30.300 W	48 35.500 N	138.0	2.6	48.8	27.9	-0.6	0.1	0.0	138.0	NAN	NAN	NAN	NAN	NAN	NAN	20.02609665	1.21140487	16.67973199	1.210992812	60.00	8.39E+00	3.22E+01	0.0556	83.4662	1.38	3.16194	137.9587859	30.366	23.58	60m
SI065_75m_plate14_01-11-12_9407	SI065_75m	65	2012	1	11	75	123 30.300 W	48 35.500 N	127.7	2.7	55.0	26.9	-0.6	0.2	0.0	127.7	NAN	NAN	NAN	NAN	NAN	NAN	11.94849334	0.034414911	18.2798542	0.133414462	75.00	8.34E+00	3.23E+01	0.0732	82.2676	1.40	2.92642	127.6704137	30.4839	23.68	75m
SI065_80m_plate14_01-11-12_9407	SI065_80m	65	2012	1	11	80	123 30.300 W	48 35.500 N	111.7	1.9	31.3	14.8	-0.6	-0.4	0.0	111.7	NAN	NAN	NAN	NAN	NAN	NAN	8.713558417	0.516223666	18.70619062	0.633718696	80.00	8.39E+00	3.24E+01	0.0831	81.7242	1.41	2.80306	122.2844873	30.5367	23.72	80m
SI065_90m_plate14_01-11-12_9407	SI065_90m	65	2012	1	11	90	123 30.300 W	48 35.500 N	91.4	1.6	21.5	10.7	-0.3	0.3	0.0	91.4	NAN	NAN	NAN	NAN	NAN	NAN	6.202184663	0.195017829	19.33571716	0.502869896	90.00	8.57E+00	3.27E+01	0.1164	80.4337	1.43	2.09593	91.42641098	30.7021	23.82	90m
SI065_97m_plate14_01-11-12_9407	SI065_97m	65	2012	1	11	97	123 30.300 W	48 35.500 N	77.9	3.3	59.6	24.3	0.2	0.2	0.0	77.9	NAN	NAN	NAN	NAN	NAN	NAN	6.709975351	0.087184441	18.89123877	0.094929521	97.00	8.56E+00	3.27E+01	0.1019	79.3951	1.44	1.78619	77.91244153	30.7487	23.86	97m
SI067_100m_plate14_03-14-12_9407	SI067_100m	67	2012	3	14	100	123 30.300 W	48 35.500 N	73.9	3.3	68.1	25.7	1.1	0.5	0.0	19748.5	NAN	NAN	NAN	NAN	NAN	NAN	23.88586362	1.200342322	17.77201085	0.602744796	100	8.3252	32.485833	0.1139	79.5479	1.51E+00	1.69319	73.85634721	30.6957	2.39E+01	100m
SI067_10m_plate14_03-14-12_9407	SI067_10m	67	2012	3	14	10	123 30.300 W	48 35.500 N	202.0	2.3	52.3	26.8	0.6	0.5	0.0	22188.1	NAN	NAN	NAN	NAN	NAN	NAN	NAN	NAN	NAN	NAN	10	7.2785	30.427848	1.9849	83.2702	2.83E+01	4.62773	202.0234777	29.4589	23.0218	10m
SI067_110m_plate14_03-14-12_9407	SI067_110m	67	2012	3	14	110	123 30.300 W	48 35.500 N	43.8	4.0	76.1	19.7	-0.2	0.2	0.0	24046.4	NAN	NAN	NAN	NAN	NAN	NAN	16.75819894	2.698407346	17.77568503	0.514411507	110	8.5464	32.851378	0.1066	78.6045	1.57E+00	1.00318	43.75354815	30.8801	2.40E+01	110m
SI067_120m_plate14_03-14-12_9407	SI067_120m	67	2012	3	14	120	123 30.300 W	48 35.500 N	8.3	4.6	78.0	14.4	-0.1	0.2	0.0	22386.7	NAN	NAN	NAN	NAN	NAN	NAN	4.72504353	0.590719647	14.9796337	0.368921384	120	9.0254	33.470894	0.086	82.882	1.64E+00	0.19132	8.343577199	31.0994	2.41E+01	120m
SI067_135m_plate14_03-14-12_9407	SI067_135m	67	2012	3	14	135	123 30.300 W	48 35.500 N	3.1	5.1	85.1	4.8	-0.1	1.4	0.0	4436.6	NAN	NAN	NAN	NAN	NAN	NAN	7.007709839	5.030859929	13.27856712	0.579622086	135	9.1487	33.71133	0.0682	86.4151	1.65E+00	0.07106	3.098709182	31.2326	2.41E+01	135m
SI067_150m_plate14_03-14-12_9407	SI067_150m	67	2012	3	14	150	123 30.300 W	48 35.500 N	3.0	5.0	81.0	8.2	0.1	1.4	1.5	5175.9	NAN	NAN	NAN	NAN	NAN	NAN	111.2887535	5.575617552	15.64520603	0.530892796	150	9.1403	33.728377	0.1898	85.9775	1.67E+00	0.06826	2.976563247	31.251	2.42E+01	150m
SI067_165m_plate14_03-14-12_9407	SI067_165m	67	2012	3	14	165	123 30.300 W	48 35.500 N	2.9	5.1	91.6	10.0	-0.1	1.9	0.0	6786.8	NAN	NAN	NAN	NAN	NAN	NAN	122.9830854	0.565709839	21.28886909	0.176964265	165	9.1341	33.741525	0.1744	85.4452	1.69E+00	0.06545	2.853999005	31.2636	2.42E+01	165m
SI067_185m_plate14_03-14-12_9407	SI067_185m	67	2012	3	14	185	123 30.300 W	48 35.500 N	2.8	5.2	90.5	2.5	-0.2	0.7	0.0	8955.7	NAN	NAN	NAN	NAN	NAN	NAN	243.9331612	26.8071967	14.08376841	0.076940985	185	9.1302	33.757985	0.1796	85.1116	1.72E+00	0.0652	2.843069521	31.2754	2.42E+01	185m
SI067_200m_plate14_03-14-12_9407	SI067_200m	67	2012	3	14	200	123 30.300 W	48 35.500 N	2.7	5.3	93.4	0.6	0.0	0.1	1.6	11687.6	NAN	NAN	NAN	NAN	NAN	NAN	343.3794283	0.065184673	1.83165157	2.262064956	200	9.1308	33.771443	0.2145	78.189	1.79E+00	0.06183	2.696104976	31.2823	2.42E+01	200m
SI067_20m_plate14_03-14-12_9407	SI067_20m	67	2012	3	14	20	123 30.300 W	48 35.500 N	194.0	2.4	56.1	27.9	0.1	0.5	0.0	17831.5	NAN	NAN	NAN	NAN	NAN	NAN	30.24183514	9.146730508	15.29383908	0.268231634	20	7.3649	30.664413	0.9694	83.1454	5.84E+00	4.44459	194.0045526	29.6337	2.31E+01	20m
SI067_40m_plate14_03-14-12_9407	SI067_40m	67	2012	3	14	40	123 30.300 W	48 35.500 N	185.3	2.5	50.3	28.1	1.0	0.2	1.5	10056.5	NAN	NAN	NAN	NAN	NAN	NAN	27.93774272	1.5013869	16.16376053	0.327552092	40	7.4494	30.974352	0.2953	83.863	1.54E+00	4.24662	185.3296958	29.8834	2.33E+01	40m
SI067_60m_plate14_03-14-12_9407	SI067_60m	67	2012	3	14	60	123 30.300 W	48 35.500 N	166.2	2.5	55.8	28.2	0.3	0.2	0.0	16733.6	NAN	NAN	NAN	NAN	NAN	NAN	24.38543505	0.366246181	17.17128234	0.475440938	60	7.6388	31.361404	0.21	82.6723	1.42E+00	3.80819	166.1693344	30.1233	2.35E+01	60m
SI067_75m_plate14_03-14-12_9407	SI067_75m	67	2012	3	14	75	123 30.300 W	48 35.500 N	159.2	2.7	54.4	28.1	0.0	0.3	1.5	20090.4	NAN	NAN	NAN	NAN	NAN	NAN	26.04621768	0.111055294	16.29315321	0.329950815	75	7.7285	31.55555	0.2393	82.2692	1.43E+00	3.64875	159.1991943	30.2452	2.36E+01	75m
SI067_80m_plate14_03-14-12_9407	SI067_80m	67	2012	3	14	80	123 30.300 W	48 35.500 N	140.3	2.6	59.1	27.5	0.1	0.5	0.0	26163.5	NAN	NAN	NAN	NAN	NAN	NAN	13.86101879	0.099240901	17.58462764	0.181862654	80	7.6865	31.58614	0.2767	79.7409	1.46E+00	3.39352	148.0548096	30.3119	2.36E+01	80m
SI067_90m_plate14_03-14-12_9407	SI067_90m	67	2012	3	14	90	123 30.300 W	48 35.500 N	127.2	2.7	56.9	27.1	0.2	0.4	0.0	37064.9	NAN	NAN	NAN	NAN	NAN	NAN	32.56069601	0.245739373	17.49644731	0.145490123	90	7.837	31.832965	0.1396	79.9647	1.50E+00	2.91626	127.2228029	30.4383	2.37E+01	90m
SI067_97m_plate14_03-14-12_9407	SI067_97m	67	2012	3	14	97	123 30.300 W	48 35.500 N	83.0	3.0	62.7	26.8	-0.2	0.4	1.6	19375.6	NAN	NAN	NAN	NAN	NAN	NAN	40.22134827	1.372832459	17.05003439	0.397499801	97	8.1937	32.303787	0.1099	79.6571	1.51E+00	1.90347	83.03193012	30.6208	2.38E+01	97m
